-- phpMyAdmin SQL Dump
-- version 5.0.2
-- https://www.phpmyadmin.net/
--
-- Host: 127.0.0.1
-- Generation Time: Dec 05, 2020 at 04:22 PM
-- Server version: 10.4.14-MariaDB
-- PHP Version: 7.2.33

SET SQL_MODE = "NO_AUTO_VALUE_ON_ZERO";
START TRANSACTION;
SET time_zone = "+00:00";


/*!40101 SET @OLD_CHARACTER_SET_CLIENT=@@CHARACTER_SET_CLIENT */;
/*!40101 SET @OLD_CHARACTER_SET_RESULTS=@@CHARACTER_SET_RESULTS */;
/*!40101 SET @OLD_COLLATION_CONNECTION=@@COLLATION_CONNECTION */;
/*!40101 SET NAMES utf8mb4 */;

--
-- Database: `itemcode`
--

-- --------------------------------------------------------

--
-- Table structure for table `formulatype`
--

CREATE TABLE `formulatype` (
  `f_id` int(11) NOT NULL,
  `formulation_name` varchar(50) NOT NULL,
  `formulation_notation` varchar(5) NOT NULL
) ENGINE=InnoDB DEFAULT CHARSET=utf8mb4;

--
-- Dumping data for table `formulatype`
--

INSERT INTO `formulatype` (`f_id`, `formulation_name`, `formulation_notation`) VALUES
(1, 'Emuslifiable Concentrate', 'EC'),
(2, 'Suspended Concentrate', 'SC'),
(3, 'Soluble Liquid', 'SL'),
(4, 'Wettable Powder', 'WP'),
(5, 'Soluble Powder', 'SP'),
(6, 'Granule', 'GR'),
(7, 'Wettable Granule', 'WG'),
(8, 'Tablet', 'TA'),
(9, '', 'OD'),
(10, '', 'FS'),
(11, '', 'DF'),
(12, 'Combo Pack', 'CP'),
(13, 'Fertilizer BlEnd', 'FB'),
(14, 'Others', 'OT'),
(15, '', 'SE');

-- --------------------------------------------------------

--
-- Table structure for table `groupcode`
--

CREATE TABLE `groupcode` (
  `g_id` int(11) NOT NULL,
  `group_name` varchar(30) NOT NULL,
  `group_notation` varchar(10) NOT NULL
) ENGINE=InnoDB DEFAULT CHARSET=utf8mb4;

--
-- Dumping data for table `groupcode`
--

INSERT INTO `groupcode` (`g_id`, `group_name`, `group_notation`) VALUES
(1, 'Herbicide', 'HE'),
(2, 'Insecticide', 'IN'),
(3, 'Fungicide', 'FU'),
(4, 'Nutrient (Foliar)', 'NF'),
(5, 'Plant Growth Regulator', 'PG'),
(6, 'Nematocide', 'NE'),
(7, 'Bactericide', 'BA'),
(8, 'Rodenticide', 'RO'),
(9, 'Seed Treatment', 'ST'),
(10, 'Nutrient-Chemical', 'NC'),
(11, 'Fungicide/Bactericide', 'FB'),
(12, 'Molluscicide', 'MO'),
(13, 'Fumigant', 'FT'),
(14, 'Biological Product', 'BP'),
(15, 'Nutrient (fertilizer)', 'NS'),
(16, 'Nutrient (Trace elements)', 'NT'),
(17, 'Nutrient (additives)', 'NA'),
(18, 'Insecticide/Fungcide', 'IF'),
(19, 'Surfactant', 'SU'),
(20, 'Seeds', 'SD'),
(21, 'Augmented Fertilizer', 'AF');

-- --------------------------------------------------------

--
-- Table structure for table `product_code`
--

CREATE TABLE `product_code` (
  `p_id` int(11) NOT NULL,
  `name` varchar(100) NOT NULL,
  `v_description` varchar(50) NOT NULL,
  `identiier` int(4) NOT NULL,
  `variant` varchar(5) NOT NULL,
  `f_type` int(11) NOT NULL,
  `g_code` int(11) NOT NULL,
  `sku` varchar(5) NOT NULL,
  `code` varchar(50) NOT NULL,
  `created` timestamp NOT NULL DEFAULT current_timestamp() ON UPDATE current_timestamp()
) ENGINE=InnoDB DEFAULT CHARSET=utf8mb4;

--
-- Dumping data for table `product_code`
--

INSERT INTO `product_code` (`p_id`, `name`, `v_description`, `identiier`, `variant`, `f_type`, `g_code`, `sku`, `code`, `created`) VALUES
(1, '2,4-D Dimethyl Amine 120g/l + Glyphosate 240g/l', 'Test Update 7', 1001, 'A', 3, 1, '200LT', 'P-1001A-SL-HE-200LT', '2020-12-05 13:04:11'),
(2, '2,4-D Dimethyl Amine 720g/l', 'Not Existing', 1002, 'A', 3, 1, '200LT', 'P-1002A-SL-HE-200LT', '2020-12-05 12:53:14'),
(3, '2,4-D Dimethyl Amine 720g/l', 'Ready Pack for Evo', 1002, 'E', 3, 1, '480CC', 'P-1002E-SL-HE-480CC', '0000-00-00 00:00:00'),
(4, '2,4-D Dimethyl Amine 860g/l', '', 1003, 'A', 3, 1, '200LT', 'P-1003A-SL-HE-200LT', '0000-00-00 00:00:00'),
(6, 'Abamectin 0.2% + Cartap 4% + Thiamethoxam 0.4%', '', 1005, 'A', 6, 2, '200KG', 'P-1005A-GR-IN-200KG', '0000-00-00 00:00:00'),
(7, 'Abamectin 0.2% + Cartap 4% + Thiamethoxam 0.4%', 'WSR WIP', 1005, 'W', 6, 2, '', 'P-1005W-GR-IN', '0000-00-00 00:00:00'),
(8, 'Abamectin 1.8%', '', 1006, 'A', 1, 2, '200LT', 'P-1006A-EC-IN-200LT', '0000-00-00 00:00:00'),
(9, 'Abamectin 1.8%', 'Absina', 1006, 'B', 1, 2, '200LT', 'P-1006B-EC-IN-200LT', '0000-00-00 00:00:00'),
(10, 'Abamectin 1.8%+ Lambda-cyhalothrin 1.8%', '', 1007, 'A', 1, 2, '200LT', 'P-1007A-EC-IN-200LT', '0000-00-00 00:00:00'),
(11, 'Abamectin 1.8%+ Lambda-cyhalothrin 1.8%', 'Ready Pack for Evo', 1007, 'E', 1, 2, '500CC', 'P-1007E-EC-IN-500CC', '0000-00-00 00:00:00'),
(12, 'Abamectin 3% + Hexythiazox 10%', '', 1008, 'A', 1, 2, '200LT', 'P-1008A-EC-IN-200LT', '0000-00-00 00:00:00'),
(13, 'Abamectin 3.6%', '', 1009, 'A', 1, 2, '200LT', 'P-1009A-EC-IN-200LT', '0000-00-00 00:00:00'),
(14, 'Abamectin 3.6%+ Lambda-cyhalothrin 3.6%', '', 1010, 'A', 1, 2, '200LT', 'P-1010A-EC-IN-200LT', '0000-00-00 00:00:00'),
(15, 'Abamectin 3.6%+ Lambda-cyhalothrin 3.6%', 'Ready Pack for KTK', 1010, 'K', 1, 2, '250CC', 'P-1010K-EC-IN-250CC', '0000-00-00 00:00:00'),
(16, 'Abamectin 3.6%+ Lambda-cyhalothrin 3.6%', 'Ready Pack for KTK', 1010, 'K', 1, 2, '500CC', 'P-1010K-EC-IN-500CC', '0000-00-00 00:00:00'),
(17, 'Abamectin 5.4%', '', 1011, 'A', 1, 2, '200LT', 'P-1011A-EC-IN-200LT', '0000-00-00 00:00:00'),
(18, 'Acephate 70% + Cartap 5%', '', 1012, 'A', 5, 2, '040KG', 'P-1012A-SP-IN-040KG', '0000-00-00 00:00:00'),
(19, 'Acephate 70% + Cartap 5%', 'Ready Pack for Evo', 1012, 'E', 5, 2, '001KG', 'P-1012E-SP-IN-001KG', '0000-00-00 00:00:00'),
(20, 'Acephate 70% + Cartap 5%', 'Ready Pack for Evo', 1012, 'E', 5, 2, '500GM', 'P-1012E-SP-IN-500GM', '0000-00-00 00:00:00'),
(21, 'Acephate 75%', '', 1013, 'A', 5, 2, '040KG', 'P-1013A-SP-IN-040KG', '0000-00-00 00:00:00'),
(22, 'Acephate 75%', '', 1013, 'A', 5, 2, '050KG', 'P-1013A-SP-IN-050KG', '0000-00-00 00:00:00'),
(23, 'Acephate 75%', 'Need meshing', 1013, 'B', 5, 2, '040KG', 'P-1013B-SP-IN-040KG', '0000-00-00 00:00:00'),
(24, 'Acetamiprid 20% + Lambdacyhalothrin 5%', '', 1014, 'A', 4, 2, '025KG', 'P-1014A-WP-IN-025KG', '0000-00-00 00:00:00'),
(25, 'Acetochlor 14.6% + Bensulfuron Methyl 2.4%', '', 1015, 'A', 4, 1, '', 'P-1015A-WP-HE', '0000-00-00 00:00:00'),
(26, 'Acetochlor 400g/l + Metribuzim 100g/l', '', 1016, 'A', 1, 1, '200LT', 'P-1016A-EC-HE-200LT', '0000-00-00 00:00:00'),
(27, 'Alachlor 48%', '', 1017, 'A', 1, 1, '200LT', 'P-1017A-EC-HE-200LT', '0000-00-00 00:00:00'),
(28, 'Alpha Cypermethrin 10%', '', 1018, 'A', 1, 2, '200LT', 'P-1018A-EC-IN-200LT', '0000-00-00 00:00:00'),
(29, 'Alpha Cypermethrin 10%', 'Ready Pack for Evo', 1018, 'E', 1, 2, '500CC', 'P-1018E-EC-IN-500CC', '0000-00-00 00:00:00'),
(30, 'Aluminum Phosphide 56%', '', 1019, 'A', 8, 13, '', 'P-1019A-TA-FT', '0000-00-00 00:00:00'),
(31, 'Aluminum Phosphide 56%', 'Ready Pack for Awba', 1019, 'A', 8, 13, '960GM', 'P-1019A-TA-FT-960GM', '0000-00-00 00:00:00'),
(32, 'Aluminum Phosphide 56%', 'For Quickphos', 1019, 'B', 8, 13, '960GM', 'P-1019B-TA-FT-960GM', '0000-00-00 00:00:00'),
(33, 'Ametryn 80%', '', 1020, 'A', 4, 1, '025KG', 'P-1020A-WP-HE-025KG', '0000-00-00 00:00:00'),
(34, 'Amino Acid 12.5%', '', 1021, 'A', 3, 5, '', 'P-1021A-SL-PG', '0000-00-00 00:00:00'),
(35, 'Amino Acid 12.5%', '', 1021, 'A', 3, 5, '230LT', 'P-1021A-SL-PG-230LT', '0000-00-00 00:00:00'),
(36, 'Amino Acid 12.5%', 'WIP for WSR', 1021, 'W', 3, 5, '500CC', 'P-1021W-SL-PG-500CC', '0000-00-00 00:00:00'),
(37, 'Arrkaung (Beans)', '', 1022, 'A', 5, 4, '', 'P-1022A-SP-NF', '0000-00-00 00:00:00'),
(38, 'Arrkaung (Cabbage & Betel)', '', 1023, 'A', 5, 4, '', 'P-1023A-SP-NF', '0000-00-00 00:00:00'),
(39, 'Arrkaung (Others)', '', 1024, 'A', 5, 4, '', 'P-1024A-SP-NF', '0000-00-00 00:00:00'),
(40, 'Arrkaung (Paddy)', '', 1025, 'A', 5, 4, '', 'P-1025A-SP-NF', '0000-00-00 00:00:00'),
(41, 'Atrazine 48% + Nicosulfuron 4%', '', 1026, 'A', 4, 1, '025KG', 'P-1026A-WP-HE-025KG', '0000-00-00 00:00:00'),
(42, 'Atrazine 50%', '', 1027, 'A', 2, 1, '200LT', 'P-1027A-SC-HE-200LT', '0000-00-00 00:00:00'),
(43, 'Atrazine 90%', '', 1028, 'A', 4, 1, '025KG', 'P-1028A-WP-HE-025KG', '0000-00-00 00:00:00'),
(44, 'Azoxystrobin 12.5% + Bismerthizole 20% + Dimethomorph 25%', '', 1029, 'A', 4, 11, '025KG', 'P-1029A-WP-FB-025KG', '0000-00-00 00:00:00'),
(45, 'Azoxystrobin 20% + Difenoconazole 12.5%', '', 1030, 'A', 2, 3, '200LT', 'P-1030A-SC-FU-200LT', '0000-00-00 00:00:00'),
(46, 'Azoxystrobin 20% + Difenoconazole 12.5%', 'Ready Pack for Evo', 1030, 'E', 2, 3, '010CC', 'P-1030E-SC-FU-010CC', '0000-00-00 00:00:00'),
(47, 'Azoxystrobin 20% + Difenoconazole 12.5%', 'Ready Pack for Evo', 1030, 'E', 2, 3, '100CC', 'P-1030E-SC-FU-100CC', '0000-00-00 00:00:00'),
(48, 'Azoxystrobin 20% + Difenoconazole 12.5%', 'Ready Pack for Evo', 1030, 'E', 2, 3, '250CC', 'P-1030E-SC-FU-250CC', '0000-00-00 00:00:00'),
(49, 'Azoxystrobin 20% + Difenoconazole 12.5%', 'Ready Pack for Evo', 1030, 'E', 2, 3, '012CC', 'P-1030E-SC-FU-012CC', '0000-00-00 00:00:00'),
(50, 'Azoxystrobin 25%', '', 1031, 'A', 2, 2, '200LT', 'P-1031A-SC-IN-200LT', '0000-00-00 00:00:00'),
(51, 'Benomyl 50%', '', 1032, 'A', 4, 2, '025KG', 'P-1032A-WP-IN-025KG', '0000-00-00 00:00:00'),
(52, 'Benomyl 50%', 'Ready Pack For Evo', 1032, 'E', 4, 2, '500GM', 'P-1032E-WP-IN-500GM', '0000-00-00 00:00:00'),
(53, 'Benomyl 50%', 'Ready Pack For Evo', 1032, 'E', 4, 2, '250GM', 'P-1032E-WP-IN-250GM', '0000-00-00 00:00:00'),
(54, 'Bensulfuron 6% + Quinclorac 34%', '', 1033, 'A', 4, 1, '', 'P-1033A-WP-HE', '0000-00-00 00:00:00'),
(55, 'Bensulfuron 6% + Quinclorac 34%', '', 1033, 'A', 4, 1, '025KG', 'P-1033A-WP-HE-025KG', '0000-00-00 00:00:00'),
(56, 'Bensulfuron 6% + Quinclorac 34%', 'Ready Pack for Awba', 1033, 'A', 4, 1, '060GM', 'P-1033A-WP-HE-060GM', '0000-00-00 00:00:00'),
(57, 'Bensulfuron 6% + Quinclorac 34%', 'Ready Pack for Evo', 1033, 'E', 4, 1, '060GM', 'P-1033E-WP-HE-060GM', '0000-00-00 00:00:00'),
(58, 'Bensulfuron 6% + Quinclorac 34%', 'Ready Pack for Awba', 1033, 'A', 4, 1, '080GM', 'P-1033A-WP-HE-080GM', '0000-00-00 00:00:00'),
(59, 'Bensulfuron Methyl 10%', '', 1034, 'A', 4, 1, '', 'P-1034A-WP-HE', '0000-00-00 00:00:00'),
(60, 'Bensulfuron Methyl 10%', '', 1034, 'A', 4, 1, '025KG', 'P-1034A-WP-HE-025KG', '0000-00-00 00:00:00'),
(61, 'Bensulfuron Methyl 10%', 'Ready Pack for WSR', 1034, 'W', 4, 1, '050GM', 'P-1034W-WP-HE-050GM', '0000-00-00 00:00:00'),
(62, 'Bensulfuron Methyl 10%', 'Ready Pack for KTK', 1034, 'K', 4, 1, '', '', '0000-00-00 00:00:00'),
(63, 'Bensulfuron Methyl 4% + Pretilachlor 36% + Fenclorim 10%', '', 1035, 'A', 4, 1, '', 'P-1035A-WP-HE', '0000-00-00 00:00:00'),
(64, 'Betacypermethrin 5% + Profenofos 20%', '', 1036, 'A', 1, 2, '200LT', 'P-1036A-EC-IN-200LT', '0000-00-00 00:00:00'),
(65, 'Betacypermethrin 5% + Profenofos 20%', 'Ready Pack for Evo', 1036, 'E', 1, 2, '480CC', 'P-1036E-EC-IN-480CC', '0000-00-00 00:00:00'),
(66, 'Bingo', '', 1037, 'A', 3, 10, '', 'P-1037A-SL-NC', '0000-00-00 00:00:00'),
(67, 'Bingo', 'WIP for WSR', 1037, 'W', 3, 10, '', 'P-1037W-SL-NC', '0000-00-00 00:00:00'),
(68, 'Bingo', 'WIP for WSR', 1037, 'W', 3, 10, '100CC', 'P-1037W-SL-NC-100CC', '0000-00-00 00:00:00'),
(69, 'Bingo', 'WIP for KTK', 1037, 'K', 3, 10, '100CC', 'P-1037K-SL-NC-100CC', '0000-00-00 00:00:00'),
(70, 'Bismerthiazol 20%', '', 1038, 'A', 4, 7, '025KG', 'P-1038A-WP-BA-025KG', '0000-00-00 00:00:00'),
(71, 'Bispirybacsodium 10%', 'SC', 1039, 'A', 2, 1, '', 'P-1039A-SC-HE', '0000-00-00 00:00:00'),
(72, 'Bispirybacsodium 10%', 'SC Ready Pack', 1039, 'A', 2, 1, '022CC', 'P-1039A-SC-HE-022CC', '0000-00-00 00:00:00'),
(73, 'Bispirybacsodium 10%', 'SC Ready Pack', 1039, 'A', 2, 1, '045CC', 'P-1039A-SC-HE-045CC', '0000-00-00 00:00:00'),
(74, 'Bispirybacsodium 10%', 'Ready Pack for Evo', 1039, 'E', 2, 1, '022CC', 'P-1039E-SC-HE-022CC', '0000-00-00 00:00:00'),
(75, 'Bispirybacsodium 10%', 'Ready Pack for WSR', 1039, 'W', 2, 1, '022CC', 'P-1039W-SC-HE-022CC', '0000-00-00 00:00:00'),
(76, 'Bispirybacsodium 10%', 'Ready Pack for KTK', 1039, 'K', 2, 1, '022CC', 'P-1039K-SC-HE-022CC', '0000-00-00 00:00:00'),
(77, 'Bispirybacsodium 10%', 'Ready Pack for KTK', 1039, 'K', 2, 1, '045CC', 'P-1039K-SC-HE-045CC', '0000-00-00 00:00:00'),
(78, 'Bispirybacsodium 10%', 'WP', 1039, 'B', 4, 1, '025KG', 'P-1039B-WP-HE-025KG', '0000-00-00 00:00:00'),
(79, 'Calcium Boron (Fertilizer CAB)', '', 1040, 'A', 3, 4, '198LT', 'P-1040A-SL-NF-198LT', '0000-00-00 00:00:00'),
(80, 'Carbendazim 45% + Hexaconazole 5%', '', 1041, 'A', 2, 3, '200LT', 'P-1041A-SC-FU-200LT', '0000-00-00 00:00:00'),
(81, 'Carbendazim 45% + Hexaconazole 5%', 'Ready Pack', 1041, 'E', 2, 3, '500CC', 'P-1041E-SC-FU-500CC', '0000-00-00 00:00:00'),
(82, 'Carbendazim 45% + Hexaconazole 5%', 'Ready Pack', 1041, 'E', 2, 3, '100CC', 'P-1041E-SC-FU-100CC', '0000-00-00 00:00:00'),
(83, 'Carbendazim 45% + Hexaconazole 5%', 'Ready Pack', 1041, 'E', 2, 3, '001LT', 'P-1041E-SC-FU-001LT', '0000-00-00 00:00:00'),
(84, 'Carbendazim 50%', '', 1042, 'A', 2, 3, '200LT', 'P-1042A-SC-FU-200LT', '0000-00-00 00:00:00'),
(85, 'Carbendazim 50%', 'WIP for WSR', 1042, 'W', 2, 3, '100CC', 'P-1042W-SC-FU-100CC', '0000-00-00 00:00:00'),
(86, 'Carbofuran 3G', '', 1043, 'A', 6, 2, '', 'P-1043A-GR-IN', '0000-00-00 00:00:00'),
(87, 'Carbofuran 5G', '', 1044, 'A', 6, 2, '', 'P-1044A-GR-IN', '0000-00-00 00:00:00'),
(88, 'Carbosulfan 20%', '', 1045, 'A', 1, 2, '200LT', 'P-1045A-EC-IN-200LT', '0000-00-00 00:00:00'),
(89, 'Cartap 4G ', '', 1046, 'A', 6, 2, '', 'P-1046A-GR-IN', '0000-00-00 00:00:00'),
(90, 'Cartap 4G ', 'Ready Pack for Evo', 1046, 'E', 6, 2, '020KG', 'P-1046E-GR-IN-020KG', '0000-00-00 00:00:00'),
(91, 'Cartap 4G ', 'Ready Pack for Evo', 1046, 'E', 6, 2, '001KG', 'P-1046E-GR-IN-001KG', '0000-00-00 00:00:00'),
(92, 'Cartap 50%', '', 1047, 'A', 5, 2, '025KG', 'P-1047A-SP-IN-025KG', '0000-00-00 00:00:00'),
(93, 'Cartap 95%', '', 1048, 'A', 5, 2, '025KG', 'P-1048A-SP-IN-025KG', '0000-00-00 00:00:00'),
(94, 'Chlorimuron 100g/kg + Metsulfuron 100g/kg', '', 1049, 'A', 4, 1, '', 'P-1049A-WP-HE', '0000-00-00 00:00:00'),
(95, 'Chlorimuron 100g/kg + Metsulfuron 100g/kg', 'Ready Pack (Awgo)', 1049, 'A', 4, 1, '1P5GM', 'P-1049A-WP-HE-1P5GM', '0000-00-00 00:00:00'),
(96, 'Chlorothalonil 37.5% + Propamocarb hydrochloride 37.5%', '', 1050, 'A', 2, 3, '200LT', 'P-1050A-SC-FU-200LT', '0000-00-00 00:00:00'),
(97, 'Chlorothalonil 37.5% + Propamocarb hydrochloride 37.5%', 'Ready Pack for EVO', 1050, 'E', 2, 3, '480CC', 'P-1050E-SC-FU-480CC', '0000-00-00 00:00:00'),
(98, 'Chlorothalonil 45% + Cymoxanil 6.5% + Hexaconazole 3.5%', '', 1051, 'A', 2, 3, '200LT', 'P-1051A-SC-FU-200LT', '0000-00-00 00:00:00'),
(99, 'Chlorpyrifos 20%', '', 1052, 'A', 1, 2, '200LT', 'P-1052A-EC-IN-200LT', '0000-00-00 00:00:00'),
(100, 'Chlorpyrifos 20%', 'Formulated', 1052, 'B', 1, 2, '', 'P-1052B-EC-IN', '0000-00-00 00:00:00'),
(101, 'Chlorpyrifos 40%', '', 1053, 'A', 1, 2, '200LT', 'P-1053A-EC-IN-200LT', '0000-00-00 00:00:00'),
(102, 'Chlorpyrifos 40%', 'Ready Pack for Awba', 1053, 'A', 1, 2, '005LT', 'P-1053A-EC-IN-005LT', '0000-00-00 00:00:00'),
(103, 'Chlorpyrifos 40%', 'Ready Pack for KTK', 1053, 'K', 1, 2, '005LT', 'P-1053K-EC-IN-005LT', '0000-00-00 00:00:00'),
(104, 'Chlorpyrifos 48%', '', 1054, 'A', 1, 2, '200LT', 'P-1054A-EC-IN-200LT', '0000-00-00 00:00:00'),
(105, 'Chlorpyrifos 50% + Cypermethrin 5%', '', 1055, 'A', 1, 2, '200LT', 'P-1055A-EC-IN-200LT', '0000-00-00 00:00:00'),
(106, 'Chlorpyrifos 50% + Cypermethrin 5%', 'Sinclorin', 1055, 'B', 1, 2, '200LT', 'P-1055B-EC-IN-200LT', '0000-00-00 00:00:00'),
(107, 'Chlorpyrifos 56% + Emmamectin Benzoate 1%', '', 1056, 'A', 1, 2, '200LT', 'P-1056A-EC-IN-200LT', '0000-00-00 00:00:00'),
(108, 'Chlorpyrifos 56% + Emmamectin Benzoate 1%', 'Ready Pack for Evo', 1056, 'E', 1, 2, '480CC', 'P-1056E-EC-IN-480CC', '0000-00-00 00:00:00'),
(109, 'Chlorpyrifos 5%', '', 1057, 'A', 6, 2, '200LT', 'P-1057A-GR-IN-200LT', '0000-00-00 00:00:00'),
(110, 'Chlorpyrifos 5%', '', 1057, 'A', 6, 2, '250KG', 'P-1057A-GR-IN-250KG', '0000-00-00 00:00:00'),
(111, 'Comet - Matpe', '', 1058, 'A', 5, 4, '', 'P-1058A-SP-NF', '0000-00-00 00:00:00'),
(112, 'Comet (Powder)', '', 1059, 'A', 5, 4, '', 'P-1059A-SP-NF', '0000-00-00 00:00:00'),
(113, 'Comet Beta (Bean) 1', '', 1060, 'A', 3, 4, '', 'P-1060A-SL-NF', '0000-00-00 00:00:00'),
(114, 'Comet Beta (Bean) 1', 'WIP', 1060, 'B', 3, 4, '', 'P-1060B-SL-NF', '0000-00-00 00:00:00'),
(115, 'Comet Beta (Bean) 1', 'WIP for Evo', 1060, 'E', 3, 4, '', 'P-1060E-SL-NF', '0000-00-00 00:00:00'),
(116, 'Comet Beta (Bean) 1', 'WIP For KTK', 1060, 'K', 3, 4, '500CC', 'P-1060K-SL-NF-500CC', '0000-00-00 00:00:00'),
(117, 'Comet Beta (Bean) 1', 'WIP for Evo', 1060, 'E', 3, 4, '500CC', 'P-1060E-SL-NF-500CC', '0000-00-00 00:00:00'),
(118, 'Comet Beta (Bean) 1', 'WIP for WSR', 1060, 'W', 3, 4, '500CC', 'P-1060W-SL-NF-500CC', '0000-00-00 00:00:00'),
(119, 'Comet Beta (Bean) 2', '', 1061, 'A', 3, 4, '', 'P-1061A-SL-NF', '0000-00-00 00:00:00'),
(120, 'Comet Beta (Bean) 2', 'WIP Bulk', 1061, 'B', 3, 4, '', 'P-1061B-SL-NF', '0000-00-00 00:00:00'),
(121, 'Comet Beta (Bean) 2', 'WIP for Evo', 1061, 'E', 3, 4, '', 'P-1061E-SL-NF', '0000-00-00 00:00:00'),
(122, 'Comet Beta (Bean) 2', 'WIP For KTK', 1061, 'K', 3, 4, '500CC', 'P-1061K-SL-NF-500CC', '0000-00-00 00:00:00'),
(123, 'Comet Beta (Others) 1', '', 1062, 'A', 3, 4, '', 'P-1062A-SL-NF', '0000-00-00 00:00:00'),
(124, 'Comet Beta (Others) 2', '', 1063, 'A', 3, 4, '', 'P-1063A-SL-NF', '0000-00-00 00:00:00'),
(125, 'Comet More K', '', 1064, 'A', 5, 4, '', 'P-1064A-SP-NF', '0000-00-00 00:00:00'),
(126, 'Comet Plus', '', 1065, 'A', 5, 4, '', 'P-1065A-SP-NF', '0000-00-00 00:00:00'),
(127, 'Comet Trace', '', 1066, 'A', 5, 4, '', 'P-1066A-SP-NF', '0000-00-00 00:00:00'),
(128, 'Comet Trace', '', 1066, 'A', 5, 4, '025KG', 'P-1066A-SP-NF-025KG', '0000-00-00 00:00:00'),
(129, 'Comet Trace', 'WIP', 1066, 'A', 5, 4, '100GM', 'P-1066A-SP-NF-100GM', '0000-00-00 00:00:00'),
(130, 'Comet Trace', 'WIP', 1066, 'A', 5, 4, '050GM', 'P-1066A-SP-NF-050GM', '0000-00-00 00:00:00'),
(131, 'Comet Trace', 'WIP For WSR', 1066, 'W', 5, 4, '100GM', 'P-1066W-SP-NF-100GM', '0000-00-00 00:00:00'),
(132, 'Comet Trace', 'WIP For WSR', 1066, 'W', 5, 4, '050GM', 'P-1066W-SP-NF-050GM', '0000-00-00 00:00:00'),
(133, 'Copper Hydroxide 77%', '', 1067, 'A', 4, 3, '020KG', 'P-1067A-WP-FU-020KG', '0000-00-00 00:00:00'),
(134, 'Copper Hydroxide 77%', '', 1067, 'A', 4, 3, '025KG', 'P-1067A-WP-FU-025KG', '0000-00-00 00:00:00'),
(135, 'Copper Oxychloride 85%', '', 1068, 'A', 4, 3, '025KG', 'P-1068A-WP-FU-025KG', '0000-00-00 00:00:00'),
(136, 'Cyhalofop-butyl 10%', '', 1069, 'A', 1, 1, '200LT', 'P-1069A-EC-HE-200LT', '0000-00-00 00:00:00'),
(137, 'Cyhalofop-butyl 12% + Pyribenzoxim 5%', '', 1070, 'A', 1, 1, '200LT', 'P-1070A-EC-HE-200LT', '0000-00-00 00:00:00'),
(138, 'Cyhalofop-butyl 6% + Pyribenzoxim 2.5%', '', 1071, 'A', 1, 1, '200LT', 'P-1071A-EC-HE-200LT', '0000-00-00 00:00:00'),
(139, 'Cyhalofop-butyl 5% + Penoxsulam 1%', '', 1072, 'A', 9, 1, '', 'P-1072A-OD-HE', '0000-00-00 00:00:00'),
(140, 'Cyhalofop-butyl 5% + Penoxsulam 1%', '', 1072, 'A', 9, 1, '200LT', 'P-1072A-OD-HE-200LT', '0000-00-00 00:00:00'),
(141, 'Cymoxanil 25%', '', 1073, 'A', 4, 3, '025KG', 'P-1073A-WP-FU-025KG', '0000-00-00 00:00:00'),
(142, 'Cymoxanil 6% + Propineb 70%', '', 1074, 'A', 4, 3, '025KG', 'P-1074A-WP-FU-025KG', '0000-00-00 00:00:00'),
(143, 'Cymoxanil 6% + Propineb 70%', 'Ready Pack for Evo', 1074, 'E', 4, 3, '500GM', 'P-1074E-WP-FU-500GM', '0000-00-00 00:00:00'),
(144, 'Cymoxanil 8% + Mancozeb 64%', '', 1075, 'A', 4, 3, '020KG', 'P-1075A-WP-FU-020KG', '0000-00-00 00:00:00'),
(145, 'Cypermethrin 10%', '', 1076, 'A', 1, 2, '200LT', 'P-1076A-EC-IN-200LT', '0000-00-00 00:00:00'),
(146, 'Cypermethrin 10%', 'WIP', 1076, 'B', 1, 2, '200LT', 'P-1076B-EC-IN-200LT', '0000-00-00 00:00:00'),
(147, 'Cypermethrin 25%', '', 1077, 'A', 1, 2, '200LT', 'P-1077A-EC-IN-200LT', '0000-00-00 00:00:00'),
(148, 'Cypermethrin 25%', 'Thunder Solution', 1077, 'B', 1, 2, '200LT', 'P-1077B-EC-IN-200LT', '0000-00-00 00:00:00'),
(149, 'Cyromazine 75%', '', 1078, 'A', 4, 2, '025KG', 'P-1078A-WP-IN-025KG', '0000-00-00 00:00:00'),
(150, 'Cyromazine 75%', '', 1078, 'A', 4, 2, '020KG', 'P-1078A-WP-IN-020KG', '0000-00-00 00:00:00'),
(151, 'Deltamethrin 50%', '', 1079, 'A', 1, 2, '', 'P-1079A-EC-IN', '0000-00-00 00:00:00'),
(152, 'Difenoconazole 15% + Propiconazole 15%', '', 1080, 'A', 1, 3, '200LT', 'P-1080A-EC-FU-200LT', '0000-00-00 00:00:00'),
(153, 'Difenoconazone 25%', '', 1081, 'A', 1, 3, '200LT', 'P-1081A-EC-FU-200LT', '0000-00-00 00:00:00'),
(154, 'Dimethoate 40%', '', 1082, 'A', 1, 2, '200LT', 'P-1082A-EC-IN-200LT', '0000-00-00 00:00:00'),
(155, 'Dimethoate 40%', 'Ready Pack', 1082, 'B', 1, 2, '001LT', 'P-1082B-EC-IN-001LT', '0000-00-00 00:00:00'),
(156, 'Dimethoate 40%', 'Ready Pack', 1082, 'B', 1, 2, '500CC', 'P-1082B-EC-IN-500CC', '0000-00-00 00:00:00'),
(157, 'Dimethoate 40%', '', 1082, 'B', 1, 2, '200LT', 'P-1082B-EC-IN-200LT', '0000-00-00 00:00:00'),
(158, 'Dimethomorph 50%', '', 1083, 'A', 4, 3, '025KG', 'P-1083A-WP-FU-025KG', '0000-00-00 00:00:00'),
(159, 'Dimethomorph 7.5% + Propineb 62.5%', '', 1084, 'A', 4, 3, '025KG', 'P-1084A-WP-FU-025KG', '0000-00-00 00:00:00'),
(160, 'Dinotefuran 20% + Pymetrazine 50%', '', 1085, 'A', 4, 2, '025KG', 'P-1085A-WP-IN-025KG', '0000-00-00 00:00:00'),
(161, 'Diuron 10% + Paraquat 20%', '', 1086, 'A', 2, 1, '200LT', 'P-1086A-SC-HE-200LT', '0000-00-00 00:00:00'),
(162, 'Diuron 80%', '', 1087, 'A', 4, 1, '025KG', 'P-1087A-WP-HE-025KG', '0000-00-00 00:00:00'),
(163, 'Emamectin 2% + Indoxacarb 16%', '', 1088, 'A', 2, 2, '200LT', 'P-1088A-SC-IN-200LT', '0000-00-00 00:00:00'),
(164, 'Emamectin 40g/kg + Thiamethoxam 110g/kg', '', 1089, 'A', 7, 2, '', 'P-1089A-WG-IN', '0000-00-00 00:00:00'),
(165, 'Emamectin Benzoate 5% + Lambdacyhalothrin 10%', 'EC', 1090, 'A', 1, 2, '200LT', 'P-1090A-EC-IN-200LT', '0000-00-00 00:00:00'),
(166, 'Emamectin Benzoate 5% + Lambdacyhalothrin 10%', 'EC Ready Pack for Awba', 1090, 'A', 1, 2, '100CC', 'P-1090A-EC-IN-100CC', '0000-00-00 00:00:00'),
(167, 'Emamectin Benzoate 5% + Lambdacyhalothrin 10%', 'EC Ready Pack for Awba', 1090, 'A', 1, 2, '250CC', 'P-1090A-EC-IN-250CC', '0000-00-00 00:00:00'),
(168, 'Emamectin Benzoate 5% + Lambdacyhalothrin 10%', 'WP', 1090, 'B', 4, 2, '025KG', 'P-1090B-WP-IN-025KG', '0000-00-00 00:00:00'),
(169, 'Emmamectin 4% + Indoxacarb 32%', '', 1091, 'A', 2, 2, '200LT', 'P-1091A-SC-IN-200LT', '0000-00-00 00:00:00'),
(170, 'Emulan LVA (Wonder)', '', 1092, 'A', 3, 19, '', 'P-1092A-SL-SU', '0000-00-00 00:00:00'),
(171, 'Emulan LVA (Wonder)', '', 1092, 'A', 3, 19, '200LT', 'P-1092A-SL-SU-200LT', '0000-00-00 00:00:00'),
(172, 'Fenoxaprop 13% + Quinclorac 50% + PSE 7%', '', 1093, 'A', 4, 1, '025KG', 'P-1093A-WP-HE-025KG', '0000-00-00 00:00:00'),
(173, 'Fenoxaprop 13% + Quinclorac 50% + PSE 7%', '', 1093, 'A', 4, 1, '040KG', 'P-1093A-WP-HE-040KG', '0000-00-00 00:00:00'),
(175, 'Fetrilon Combi', '', 1095, 'A', 5, 10, '', 'P-1095A-SP-NC', '0000-00-00 00:00:00'),
(176, 'Fetrilon Combi', '', 1095, 'A', 5, 10, '025KG', 'P-1095A-SP-NC-025KG', '0000-00-00 00:00:00'),
(177, 'Fipronil 3%', '', 1096, 'A', 6, 2, '025KG', 'P-1096A-GR-IN-025KG', '0000-00-00 00:00:00'),
(178, 'Fipronil 5%', '', 1097, 'A', 2, 2, '200LT', 'P-1097A-SC-IN-200LT', '0000-00-00 00:00:00'),
(179, 'Fludioxonil 12.5% + Metalaxy 1% + Thiamethoxam 22.2%', '', 1098, 'A', 10, 9, '', 'P-1098A-FS-ST', '0000-00-00 00:00:00'),
(180, 'Fomesafen 25%', '', 1099, 'A', 3, 1, '200LT', 'P-1099A-SL-HE-200LT', '0000-00-00 00:00:00'),
(181, 'Formetanate Hydrochloride 20%', '', 1100, 'A', 5, 2, '050KG', 'P-1100A-SP-IN-050KG', '0000-00-00 00:00:00'),
(182, 'Fosetyl Aluminium 80%', '', 1101, 'A', 7, 3, '025KG', 'P-1101A-WG-FU-025KG', '0000-00-00 00:00:00'),
(183, 'Gibberellic Acid 0.08% + Nitrophenol 0.35%', '', 1102, 'A', 3, 5, '200LT', 'P-1102A-SL-PG-200LT', '0000-00-00 00:00:00'),
(184, 'Gibberellic Acid 0.2% + Nitrophenol 0.241668%', '', 1103, 'A', 3, 5, '200LT', 'P-1103A-SL-PG-200LT', '0000-00-00 00:00:00'),
(185, 'Gibberellic Acid 1.5%', '', 1104, 'A', 3, 5, '200LT', 'P-1104A-SL-PG-200LT', '0000-00-00 00:00:00'),
(186, 'Gibberellic Acid 10%', 'Powder', 1105, 'A', 5, 5, '', 'P-1105A-SP-PG', '0000-00-00 00:00:00'),
(187, 'Gibberellic Acid 10%', 'Tablet', 1105, 'B', 8, 5, '', 'P-1105B-TA-PG', '0000-00-00 00:00:00'),
(188, 'Gibberellic Acid 10%', 'Tablet', 1105, 'E', 8, 5, '010GM', 'P-1105E-TA-PG-010GM', '0000-00-00 00:00:00'),
(189, 'Gibberellic Acid 2.5%', '', 1106, 'A', 3, 5, '200LT', 'P-1106A-SL-PG-200LT', '0000-00-00 00:00:00'),
(190, 'Gibberellic Acid 5%', '', 1107, 'A', 3, 5, '200LT', 'P-1107A-SL-PG-200LT', '0000-00-00 00:00:00'),
(191, 'Glyphosate 480g/l', '', 1108, 'A', 3, 1, '200LT', 'P-1108A-SL-HE-200LT', '0000-00-00 00:00:00'),
(192, 'Glyphosate 480g/l', 'Clear up', 1108, 'B', 3, 1, '200LT', 'P-1108B-SL-HE-200LT', '0000-00-00 00:00:00'),
(193, 'Glyphosate 480g/l', 'Clear up', 1108, 'B', 3, 1, '004LT', 'P-1108B-SL-HE-004LT', '0000-00-00 00:00:00'),
(194, 'Glyphosate 480g/l', 'Clear up', 1108, 'B', 3, 1, '001LT', 'P-1108B-SL-HE-001LT', '0000-00-00 00:00:00'),
(195, 'Glyphosate 480g/l', 'Ready Pack for Evo', 1108, 'E', 3, 1, '001LT', 'P-1108E-SL-HE-001LT', '0000-00-00 00:00:00'),
(196, 'Glyphosate 480g/l', 'Ready Pack for Evo', 1108, 'E', 3, 1, '004LT', 'P-1108E-SL-HE-004LT', '0000-00-00 00:00:00'),
(197, 'Hero', '', 1109, 'A', 3, 10, '', 'P-1109A-SL-NC', '0000-00-00 00:00:00'),
(198, 'Hero', 'WIP for WSR', 1109, 'W', 3, 10, '100CC', 'P-1109W-SL-NC-100CC', '0000-00-00 00:00:00'),
(199, 'Hexaconazole 5%', '', 1110, 'A', 2, 3, '200LT', 'P-1110A-SC-FU-200LT', '0000-00-00 00:00:00'),
(200, 'Hexaconazole 5%', 'Hexadon', 1110, 'B', 2, 3, '200LT', 'P-1110B-SC-FU-200LT', '0000-00-00 00:00:00'),
(201, 'Hexaconazole 5% + Tricyclazole 20%', '', 1111, 'A', 2, 3, '', 'P-1111A-SC-FU', '0000-00-00 00:00:00'),
(202, 'Hymexazol 70%', '', 1112, 'A', 4, 3, '025KG', 'P-1112A-WP-FU-025KG', '0000-00-00 00:00:00'),
(203, 'Imazethapyr 10%', '', 1113, 'A', 3, 1, '200LT', 'P-1113A-SL-HE-200LT', '0000-00-00 00:00:00'),
(204, 'Imazethapyr 5%', '', 1114, 'A', 3, 1, '200LT', 'P-1114A-SL-HE-200LT', '0000-00-00 00:00:00'),
(205, 'Imidacloprid 10%', '', 1115, 'A', 4, 2, '025KG', 'P-1115A-WP-IN-025KG', '0000-00-00 00:00:00'),
(206, 'Imidacloprid 10%', 'Ready Pack for Evo', 1115, 'E', 4, 2, '100GM', 'P-1115E-WP-IN-100GM', '0000-00-00 00:00:00'),
(207, 'Imidacloprid 10%', 'Ready Pack for Evo', 1115, 'E', 4, 2, '025KG', 'P-1115E-WP-IN-025KG', '0000-00-00 00:00:00'),
(208, 'Imidacloprid 10%', 'Ready Pack for Evo', 1115, 'E', 4, 2, '010GM', 'P-1115E-WP-IN-010GM', '0000-00-00 00:00:00'),
(209, 'Imidacloprid 20%', '', 1116, 'A', 4, 2, '025KG', 'P-1116A-WP-IN-025KG', '0000-00-00 00:00:00'),
(210, 'Imidacloprid 20%', 'WIP Awba', 1116, 'A', 4, 2, '050GM', 'P-1116A-WP-IN-050GM', '0000-00-00 00:00:00'),
(211, 'Imidacloprid 20%', 'WIP KTK', 1116, 'K', 4, 2, '050GM', 'P-1116K-WP-IN-050GM', '0000-00-00 00:00:00'),
(212, 'Imidacloprid 20%', 'WIP WSR', 1116, 'W', 4, 2, '040GM', 'P-1116W-WP-IN-040GM', '0000-00-00 00:00:00'),
(213, 'Imidacloprid 70%', '', 1117, 'A', 4, 2, '025KG', 'P-1117A-WP-IN-025KG', '0000-00-00 00:00:00'),
(214, 'Indoxacarb 17% + Lambdacyhalothrin 3%', '', 1118, 'A', 2, 2, '200LT', 'P-1118A-SC-IN-200LT', '0000-00-00 00:00:00'),
(215, 'Kasugamycin 2%', '', 1119, 'A', 3, 3, '200LT', 'P-1119A-SL-FU-200LT', '0000-00-00 00:00:00'),
(216, 'Lambda Cyhalothrin 2.5%', '', 1120, 'A', 1, 2, '', 'P-1120A-EC-IN', '0000-00-00 00:00:00'),
(217, 'Lambda Cyhalothrin 2.5%', '', 1120, 'A', 1, 2, '200LT', 'P-1120A-EC-IN-200LT', '0000-00-00 00:00:00'),
(218, 'Lambda Cyhalothrin 2.5%', 'Ready Pack for Awba', 1120, 'A', 1, 2, '001LT', 'P-1120A-EC-IN-001LT', '0000-00-00 00:00:00'),
(219, 'Lambda Cyhalothrin 2.5%', 'Ready Pack for Awba', 1120, 'A', 1, 2, '500CC', 'P-1120A-EC-IN-500CC', '0000-00-00 00:00:00'),
(220, 'Lambda Cyhalothrin 2.5%', 'Ready Pack for Awba', 1120, 'A', 1, 2, '005LT', 'P-1120A-EC-IN-005LT', '0000-00-00 00:00:00'),
(221, 'Lambda Cyhalothrin 2.5%', 'Ready Pack for Syngenta', 1120, 'S', 1, 2, '', 'P-1120S-EC-IN', '0000-00-00 00:00:00'),
(222, 'Lambda Cyhalothrin 2.5%', 'Ready Pack for KTK', 1120, 'K', 1, 2, '001LT', 'P-1120K-EC-IN-001LT', '0000-00-00 00:00:00'),
(223, 'Lambda Cyhalothrin 2.5%', 'Ready Pack for KTK', 1120, 'K', 1, 2, '500CC', 'P-1120K-EC-IN-500CC', '0000-00-00 00:00:00'),
(224, 'Lambda Cyhalothrin 2.5%', 'Ready Pack for KTK', 1120, 'K', 1, 2, '005LT', 'P-1120K-EC-IN-005LT', '0000-00-00 00:00:00'),
(225, 'Lambda Cyhalothrin 2.5%', 'Ready Pack for WSR', 1120, 'W', 1, 2, '500CC', 'P-1120W-EC-IN-500CC', '0000-00-00 00:00:00'),
(226, 'Lambda Cyhalothrin 2.5%', 'Ready Pack for WSR', 1120, 'W', 1, 2, '001LT', 'P-1120W-EC-IN-001LT', '0000-00-00 00:00:00'),
(227, 'Lambda Cyhalothrin 5%', '', 1121, 'A', 1, 2, '200LT', 'P-1121A-EC-IN-200LT', '0000-00-00 00:00:00'),
(228, 'Lambda Cyhalothrin 5%', 'Thunder Super Solution', 1121, 'B', 1, 2, '200LT', 'P-1121B-EC-IN-200LT', '0000-00-00 00:00:00'),
(229, 'Lambda Cyhalothrin 5%', 'Ready Pack', 1121, 'A', 1, 2, '001LT', 'P-1121A-EC-IN-001LT', '0000-00-00 00:00:00'),
(230, 'Lambda Cyhalothrin 5%', 'Ready Pack', 1121, 'A', 1, 2, '500CC', 'P-1121A-EC-IN-500CC', '0000-00-00 00:00:00'),
(231, 'Lambda Cyhalothrin 5%', '', 1121, 'A', 1, 2, '', 'P-1121A-EC-IN', '0000-00-00 00:00:00'),
(232, 'Lambda Cyhalothrin 5%', 'Ready Pack for WSR', 1121, 'W', 1, 2, '001LT', 'P-1121W-EC-IN-001LT', '0000-00-00 00:00:00'),
(233, 'Lambda Cyhalothrin 5%', 'Ready Pack for WSR', 1121, 'W', 1, 2, '500CC', 'P-1121W-EC-IN-500CC', '0000-00-00 00:00:00'),
(234, 'Lambdacyhalothrin 10.6% + Thiamethoxam 14.1%', '', 1122, 'A', 2, 2, '200LT', 'P-1122A-SC-IN-200LT', '0000-00-00 00:00:00'),
(235, 'Lambdacyhalothrin 10.6% + Thiamethoxam 14.1%', 'Ready Pack for Evo', 1122, 'E', 2, 2, '100CC', 'P-1122E-SC-IN-100CC', '0000-00-00 00:00:00'),
(236, 'Lambdacyhalothrin 10.6% + Thiamethoxam 14.1%', 'Ready Pack for Evo', 1122, 'E', 2, 2, '010CC', 'P-1122E-SC-IN-010CC', '0000-00-00 00:00:00'),
(237, 'Lambdacyhalothrin 10.6% + Thiamethoxam 14.1%', 'Ready Pack for Evo', 1122, 'E', 2, 2, '250CC', 'P-1122E-SC-IN-250CC', '0000-00-00 00:00:00'),
(238, 'Lambdacyhalothrin 10.6% + Thiamethoxam 14.1%', 'Ready Pack for Syngenta', 1122, 'S', 2, 2, '250CC', 'P-1122S-SC-IN-250CC', '0000-00-00 00:00:00'),
(239, 'Lambdacyhalothrin 10.6% + Thiamethoxam 14.1%', 'Ready Pack for Syngenta', 1122, 'S', 2, 2, '500CC', 'P-1122S-SC-IN-500CC', '0000-00-00 00:00:00'),
(240, 'Malathion 50%', '', 1123, 'A', 1, 2, '200LT', 'P-1123A-EC-IN-200LT', '0000-00-00 00:00:00'),
(241, 'Mancozeb 80%', '', 1124, 'A', 4, 3, '020KG', 'P-1124A-WP-FU-020KG', '0000-00-00 00:00:00'),
(242, 'Mancozeb 80%', 'Ready Pack for Evo', 1124, 'E', 4, 3, '025KG', 'P-1124E-WP-FU-025KG', '0000-00-00 00:00:00'),
(243, 'Mancozeb 80%', 'Ready Pack for WSR', 1124, 'W', 4, 3, '025KG', 'P-1124W-WP-FU-025KG', '0000-00-00 00:00:00'),
(244, 'Mancozeb 80%', 'Awba (Blue Color)', 1124, 'B', 4, 3, '020KG', 'P-1124B-WP-FU-020KG', '0000-00-00 00:00:00'),
(245, 'Mepiquat Chloride 5%', '', 1125, 'A', 3, 5, '025KG', 'P-1125A-SL-PG-025KG', '0000-00-00 00:00:00'),
(246, 'Mepiquat Chloride 5%', 'WIP for WSR', 1125, 'W', 3, 5, '050CC', 'P-1125W-SL-PG-050CC', '0000-00-00 00:00:00'),
(247, 'Metalaxyl 25%', '', 1126, 'A', 4, 3, '025KG', 'P-1126A-WP-FU-025KG', '0000-00-00 00:00:00'),
(248, 'Metalaxyl 25%', 'WIP', 1126, 'B', 4, 3, '025KG', 'P-1126B-WP-FU-025KG', '0000-00-00 00:00:00'),
(249, 'Metaldehyde 10%', '', 1127, 'A', 6, 12, '025KG', 'P-1127A-GR-MO-025KG', '0000-00-00 00:00:00'),
(250, 'Metolachlor 300g/l + Oxyfluorfen 50g/l + Pendimethalin 150g/l', '', 1128, 'A', 1, 1, '200LT', 'P-1128A-EC-HE-200LT', '0000-00-00 00:00:00'),
(251, 'Metolachlor 72%', '', 1129, 'A', 1, 1, '200LT', 'P-1129A-EC-HE-200LT', '0000-00-00 00:00:00'),
(252, 'Metsulfuron-methyl 20%', '', 1130, 'A', 7, 1, '', 'P-1130A-WG-HE', '0000-00-00 00:00:00'),
(253, 'Metsulfuron-methyl 20%', 'Ready Pack for KTK', 1130, 'K', 7, 1, '2P5GM', 'P-1130K-WG-HE-2P5GM', '0000-00-00 00:00:00'),
(254, 'Monosultap 50%', '', 1131, 'A', 4, 2, '025KG', 'P-1131A-WP-IN-025KG', '0000-00-00 00:00:00'),
(255, 'Monosultap 50%', 'Ready Pack for Evo', 1131, 'E', 4, 2, '200GM', 'P-1131E-WP-IN-200GM', '0000-00-00 00:00:00'),
(256, 'Niclosamide 70%', '', 1132, 'A', 4, 12, '025KG', 'P-1132A-WP-MO-025KG', '0000-00-00 00:00:00'),
(257, 'Nitrophenol Compound 1.8%', 'Moralmone awba', 1133, 'A', 3, 5, '001LT', 'P-1133A-SL-PG-001LT', '0000-00-00 00:00:00'),
(258, 'Nitrophenol Compound 1.8%', '', 1133, 'A', 3, 5, '200LT', 'P-1133A-SL-PG-200LT', '0000-00-00 00:00:00'),
(259, 'Nitrophenol Compound 1.8%', 'WIP for KTK', 1133, 'K', 3, 5, '500CC', 'P-1133K-SL-PG-500CC', '0000-00-00 00:00:00'),
(260, 'Nitrophenol Compound 1.8%', 'WIP for WSR', 1133, 'W', 3, 5, '010CC', 'P-1133W-SL-PG-010CC', '0000-00-00 00:00:00'),
(261, 'Oxadiazon 25%', '', 1134, 'A', 1, 1, '200LT', 'P-1134A-EC-HE-200LT', '0000-00-00 00:00:00'),
(262, 'Oxolinic acid 20%', '', 1135, 'A', 4, 2, '025KG', 'P-1135A-WP-IN-025KG', '0000-00-00 00:00:00'),
(263, 'Oxolinic acid 20%', 'Ready Pack for Evo', 1135, 'E', 4, 2, '040GM', 'P-1135E-WP-IN-040GM', '0000-00-00 00:00:00'),
(264, 'Oxyfluorfen 23.5%', '', 1136, 'A', 1, 1, '', 'P-1136A-EC-HE', '0000-00-00 00:00:00'),
(265, 'Oxyfluorfen 23.5%', 'Ready Pack for Awba', 1136, 'A', 1, 1, '100CC', 'P-1136A-EC-HE-100CC', '0000-00-00 00:00:00'),
(266, 'Oxyfluorfen 23.5%', 'Ready Pack for Awba', 1136, 'A', 1, 1, '250CC', 'P-1136A-EC-HE-250CC', '0000-00-00 00:00:00'),
(267, 'Oxyfluorfen 23.5%', 'Ready Pack for KTK', 1136, 'K', 1, 1, '100CC', 'P-1136K-EC-HE-100CC', '0000-00-00 00:00:00'),
(268, 'Oxyfluorfen 23.5%', 'Ready Pack for KTK', 1136, 'K', 1, 1, '250CC', 'P-1136K-EC-HE-250CC', '0000-00-00 00:00:00'),
(269, 'Oxyfluorfen 23.5%', 'Ready Pack for WSR', 1136, 'W', 1, 1, '100CC', 'P-1136W-EC-HE-100CC', '0000-00-00 00:00:00'),
(270, 'Oxyfluorfen 23.5%', 'Ready Pack for WSR', 1136, 'W', 1, 1, '250CC', 'P-1136W-EC-HE-250CC', '0000-00-00 00:00:00'),
(273, 'Paraquat dichloride 27.6%', '', 1139, 'A', 3, 1, '200LT', 'P-1139A-SL-HE-200LT', '0000-00-00 00:00:00'),
(274, 'Paraquat dichloride 27.6%', 'Reformulated', 1139, 'B', 3, 1, '200LT', 'P-1139B-SL-HE-200LT', '0000-00-00 00:00:00'),
(275, 'Paraquat dichloride 27.6%', 'Ready Pack for KTK', 1139, 'K', 3, 1, '005LT', 'P-1139K-SL-HE-005LT', '0000-00-00 00:00:00'),
(276, 'Pendimethalin 33%', '', 1140, 'A', 1, 1, '200LT', 'P-1140A-EC-HE-200LT', '0000-00-00 00:00:00'),
(278, 'Pretilachlor 30% + Fenclorin 10%', '', 1142, 'A', 1, 1, '200LT', 'P-1142A-EC-HE-200LT', '0000-00-00 00:00:00'),
(279, 'Profenofos 36% + Lambdacyhalothrin 1.5%', '', 1143, 'A', 1, 2, '200LT', 'P-1143A-EC-IN-200LT', '0000-00-00 00:00:00'),
(280, 'Profenofos 50%', '', 1144, 'A', 1, 2, '200LT', 'P-1144A-EC-IN-200LT', '0000-00-00 00:00:00'),
(281, 'Profenofos 54% + Chlorfenapyr 6%', '', 1145, 'A', 1, 2, '200LT', 'P-1145A-EC-IN-200LT', '0000-00-00 00:00:00'),
(282, 'Propamocarb hydrochloride 72%', '', 1146, 'A', 3, 2, '200LT', 'P-1146A-SL-IN-200LT', '0000-00-00 00:00:00'),
(283, 'Propamocarb hydrochloride 72%', 'Before Formulation', 1146, 'R', 3, 2, '200LT', 'P-1146R-SL-IN-200LT', '0000-00-00 00:00:00'),
(285, 'Propiconazole 25%', '', 1148, 'A', 1, 2, '200LT', 'P-1148A-EC-IN-200LT', '0000-00-00 00:00:00'),
(286, 'Propiconazole 25%', 'WIP', 1148, 'B', 1, 2, '200LT', 'P-1148B-EC-IN-200LT', '0000-00-00 00:00:00'),
(287, 'Pyrazosulfuron ethyl 0.04%', '', 1149, 'A', 4, 1, '025KG', 'P-1149A-WP-HE-025KG', '0000-00-00 00:00:00'),
(288, 'Pyrazosulfuron ethyl 10%', '', 1150, 'A', 4, 1, '025KG', 'P-1150A-WP-HE-025KG', '0000-00-00 00:00:00'),
(289, 'Pyribenzoxim 5%', '', 1151, 'A', 1, 1, '025KG', 'P-1151A-EC-HE-025KG', '0000-00-00 00:00:00'),
(290, 'Quinclorac 25%', '', 1152, 'A', 2, 1, '200LT', 'P-1152A-SC-HE-200LT', '0000-00-00 00:00:00'),
(291, 'Quizalofop-P-ethyl 10%', '', 1153, 'A', 1, 1, '200LT', 'P-1153A-EC-HE-200LT', '0000-00-00 00:00:00'),
(292, 'Quizalofop-P-ethyl 10%', 'Ready Pack for Awba', 1153, 'A', 1, 1, '030CC', 'P-1153A-EC-HE-030CC', '0000-00-00 00:00:00'),
(293, 'Quizalofop-P-ethyl 10%', 'Ready Pack for Evo', 1153, 'E', 1, 1, '100CC', 'P-1153E-EC-HE-100CC', '0000-00-00 00:00:00'),
(294, 'Quizalofop-P-ethyl 10%', 'Ready Pack for Evo', 1153, 'E', 1, 1, '030CC', 'P-1153E-EC-HE-030CC', '0000-00-00 00:00:00'),
(295, 'Quizalofop-P-ethyl 10%', 'Ready Pack for Evo', 1153, 'E', 1, 1, '480CC', 'P-1153E-EC-HE-480CC', '0000-00-00 00:00:00'),
(296, 'Quizalofop-P-ethyl 10%', 'Ready Pack for KTK', 1153, 'K', 1, 1, '030CC', 'P-1153K-EC-HE-030CC', '0000-00-00 00:00:00'),
(297, 'Quizalofop-P-ethyl 10%', 'Ready Pack for WSR', 1153, 'W', 1, 1, '030CC', 'P-1153W-EC-HE-030CC', '0000-00-00 00:00:00'),
(298, 'S-metolachlor 96%', '', 1154, 'A', 1, 1, '200LT', 'P-1154A-EC-HE-200LT', '0000-00-00 00:00:00'),
(299, 'Starter', '', 1155, 'A', 5, 4, '', 'P-1155A-SP-NF', '0000-00-00 00:00:00'),
(300, 'Sulphur 50%', '', 1156, 'A', 2, 3, '200LT', 'P-1156A-SC-FU-200LT', '0000-00-00 00:00:00'),
(301, 'Sulphur 80%', '', 1157, 'A', 7, 3, '025KG', 'P-1157A-WG-FU-025KG', '0000-00-00 00:00:00'),
(302, 'Tribasic Copper Sulphate', '', 1158, 'A', 3, 3, '', 'P-1158A-SL-FU', '0000-00-00 00:00:00'),
(303, 'Thiamethoxam 25%', '', 1159, 'A', 7, 2, '025KG', 'P-1159A-WG-IN-025KG', '0000-00-00 00:00:00'),
(304, 'Thiodicarb 37.5%', '', 1160, 'A', 2, 2, '200LT', 'P-1160A-SC-IN-200LT', '0000-00-00 00:00:00'),
(305, 'Thiophenate-methyl 50% + Thiram 30%', '', 1161, 'A', 4, 3, '025KG', 'P-1161A-WP-FU-025KG', '0000-00-00 00:00:00'),
(306, 'Thiram 80%', '', 1162, 'A', 4, 3, '025KG', 'P-1162A-WP-FU-025KG', '0000-00-00 00:00:00'),
(307, 'Tricyclazole 40%', '', 1163, 'A', 2, 3, '200LT', 'P-1163A-SC-FU-200LT', '0000-00-00 00:00:00'),
(308, 'Tricyclazole 75%', '', 1164, 'A', 4, 3, '025KG', 'P-1164A-WP-FU-025KG', '0000-00-00 00:00:00'),
(309, 'Valindamycin 5%', '', 1165, 'A', 3, 3, '200LT', 'P-1165A-SL-FU-200LT', '0000-00-00 00:00:00'),
(310, 'Zeta (Powder)', '', 1166, 'A', 5, 4, '', 'P-1166A-SP-NF', '0000-00-00 00:00:00'),
(311, 'Zeta (Powder)', 'WIP for KTK', 1166, 'K', 5, 4, '', 'P-1166K-SP-NF', '0000-00-00 00:00:00'),
(312, 'Zeta (Powder)', 'WIP for KTK', 1166, 'K', 5, 4, '001KG', 'P-1166K-SP-NF-001KG', '0000-00-00 00:00:00'),
(313, 'Zeta (Powder)', 'WIP for WSR', 1166, 'W', 5, 4, '001KG', 'P-1166W-SP-NF-001KG', '0000-00-00 00:00:00'),
(314, 'Zeta (Liquid)', '', 1167, 'A', 3, 4, '', 'P-1167A-SL-NF', '0000-00-00 00:00:00'),
(315, 'Zeta (Liquid)', 'WIP for WSR', 1167, 'W', 3, 4, '001LT', 'P-1167W-SL-NF-001LT', '0000-00-00 00:00:00'),
(316, 'Zinc Phosphide 80%', '', 1168, 'A', 4, 8, '', 'P-1168A-WP-RO', '0000-00-00 00:00:00'),
(317, 'Zinc Phosphide 80%', '', 1168, 'E', 4, 8, '100GM', 'P-1168E-WP-RO-100GM', '0000-00-00 00:00:00'),
(318, 'Zinc Phosphide 80%', '', 1168, 'E', 4, 8, '050GM', 'P-1168E-WP-RO-050GM', '0000-00-00 00:00:00'),
(319, 'Ziram 76%', '', 1169, 'A', 7, 3, '025KG', 'P-1169A-WG-FU-025KG', '0000-00-00 00:00:00'),
(320, 'Booster (Fruit)', '', 1170, 'A', 5, 4, '', 'P-1170A-SP-NF', '0000-00-00 00:00:00'),
(321, 'Booster (Plant)', '', 1171, 'A', 5, 4, '', 'P-1171A-SP-NF', '0000-00-00 00:00:00'),
(322, 'Booster Hormone', '', 1172, 'A', 3, 4, '', 'P-1172A-SL-NF', '0000-00-00 00:00:00'),
(323, 'Booster Hormone', 'WIP For WSR', 1172, 'W', 3, 4, '001LT', 'P-1172W-SL-NF-001LT', '0000-00-00 00:00:00'),
(324, 'Booster Hormone', 'WIP For WSR', 1172, 'W', 3, 4, '500CC', 'P-1172W-SL-NF-500CC', '0000-00-00 00:00:00'),
(325, 'Cross', '', 1173, 'A', 5, 4, '', 'P-1173A-SP-NF', '0000-00-00 00:00:00'),
(326, 'Tower', '', 1174, 'A', 5, 4, '', 'P-1174A-SP-NF', '0000-00-00 00:00:00'),
(327, 'Tower', 'WIP', 1174, 'W', 5, 4, '750GM', 'P-1174W-SP-NF-750GM', '0000-00-00 00:00:00'),
(328, 'Special K', '', 1175, 'A', 5, 4, '', 'P-1175A-SP-NF', '0000-00-00 00:00:00'),
(329, 'Speciality', '', 1176, 'A', 5, 4, '', 'P-1176A-SP-NF', '0000-00-00 00:00:00'),
(330, 'Elixir Seed Treatment', '', 1177, 'A', 12, 9, '', 'P-1177A-CP-ST', '0000-00-00 00:00:00'),
(331, 'WSR Ground nut', '', 1178, 'A', 12, 9, '', 'P-1178A-CP-ST', '0000-00-00 00:00:00'),
(332, 'WSR Pulses Seed Treatment', '', 1179, 'A', 12, 9, '', 'P-1179A-CP-ST', '0000-00-00 00:00:00'),
(333, 'WSR Sesame Special', '', 1180, 'A', 12, 9, '', 'P-1180A-CP-ST', '0000-00-00 00:00:00'),
(334, 'Seed Treatment', '', 1181, 'A', 12, 9, '', 'P-1181A-CP-ST', '0000-00-00 00:00:00'),
(335, 'Seed Treatment (3)', '', 1182, 'A', 12, 9, '', 'P-1182A-CP-ST', '0000-00-00 00:00:00'),
(336, 'Seed Treatment Star', '', 1183, 'A', 12, 9, '', 'P-1183A-CP-ST', '0000-00-00 00:00:00'),
(337, 'Betal Special', '', 1184, 'A', 5, 4, '', 'P-1184A-SP-NF', '0000-00-00 00:00:00'),
(338, 'Global Bean Special', '', 1185, 'A', 5, 4, '', 'P-1185A-SP-NF', '0000-00-00 00:00:00'),
(339, 'Global Bean Special', 'WIP For KTK', 1185, 'A', 5, 4, '001KG', 'P-1185A-SP-NF-001KG', '0000-00-00 00:00:00'),
(340, 'Kaung Thu Kha 1', '', 1186, 'A', 5, 4, '', 'P-1186A-SP-NF', '0000-00-00 00:00:00'),
(341, 'Kaung Thu Kha 2', '', 1187, 'A', 5, 4, '', 'P-1187A-SP-NF', '0000-00-00 00:00:00'),
(342, 'Kaung Thu Kha Seed Treatment', '', 1188, 'A', 12, 9, '', 'P-1188A-CP-ST', '0000-00-00 00:00:00'),
(343, 'Mr Bean Special Powder', '', 1189, 'A', 5, 4, '', 'P-1189A-SP-NF', '0000-00-00 00:00:00'),
(344, 'Mr Bean Special Liquid', '', 1190, 'A', 3, 4, '', 'P-1190A-SL-NF', '0000-00-00 00:00:00'),
(345, 'Peanut Special', '', 1191, 'A', 5, 4, '', 'P-1191A-SP-NF', '0000-00-00 00:00:00'),
(346, '2,4-D Sodium Salt 96%', '', 1192, 'A', 5, 1, '', 'P-1192A-SP-HE', '0000-00-00 00:00:00'),
(347, '16:16:08', 'MAI', 1193, 'A', 13, 15, '', 'P-1193A-FB-NS', '0000-00-00 00:00:00'),
(348, '16:16:08', 'WSR', 1193, 'B', 13, 15, '', 'P-1193B-FB-NS', '0000-00-00 00:00:00'),
(349, '16:16:08', 'KTK', 1193, 'C', 13, 15, '', 'P-1193C-FB-NS', '0000-00-00 00:00:00'),
(350, '16:16:08', 'MSCN', 1193, 'D', 13, 15, '', 'P-1193D-FB-NS', '0000-00-00 00:00:00'),
(351, '20:10:10', 'MAI', 1194, 'A', 13, 15, '', 'P-1194A-FB-NS', '0000-00-00 00:00:00'),
(352, '20:10:10', 'MSCN Nitrphoska', 1194, 'B', 13, 15, '', 'P-1194B-FB-NS', '0000-00-00 00:00:00'),
(353, '20:10:10', 'MSCN Entec', 1194, 'C', 13, 15, '', 'P-1194C-FB-NS', '0000-00-00 00:00:00'),
(354, '15:15:15', 'Comet', 1195, 'A', 13, 15, '', 'P-1195A-FB-NS', '0000-00-00 00:00:00'),
(355, '15:15:15', 'Primo', 1195, 'B', 13, 15, '', 'P-1195B-FB-NS', '0000-00-00 00:00:00'),
(356, '15:15:15', 'WSR', 1195, 'C', 13, 15, '', 'P-1195C-FB-NS', '0000-00-00 00:00:00'),
(357, '15:15:15', 'MSCN', 1195, 'D', 13, 15, '', 'P-1195D-FB-NS', '0000-00-00 00:00:00'),
(358, '15:15:15', 'MAI Trading', 1195, 'E', 13, 15, '', 'P-1195E-FB-NS', '0000-00-00 00:00:00'),
(359, '19:09:19', '', 1196, 'A', 13, 15, '', 'P-1196A-FB-NS', '0000-00-00 00:00:00'),
(360, '16:16:16', '', 1197, 'A', 13, 15, '', 'P-1197A-FB-NS', '0000-00-00 00:00:00'),
(361, '20:12:12', 'Awba', 1198, 'A', 13, 15, '', 'P-1198A-FB-NS', '0000-00-00 00:00:00'),
(362, '20:12:12', 'Evo', 1198, 'B', 13, 15, '', 'P-1198B-FB-NS', '0000-00-00 00:00:00'),
(363, '20:12:12', 'Evo', 1198, 'B', 13, 15, '025KG', 'P-1198B-FB-NS-025KG', '0000-00-00 00:00:00'),
(364, '20:12:12', 'Evo', 1198, 'B', 13, 15, '050KG', 'P-1198B-FB-NS-050KG', '0000-00-00 00:00:00'),
(365, 'Ca 24% + S 17%', '', 1199, 'A', 13, 15, '025KG', 'P-1199A-FB-NS-025KG', '0000-00-00 00:00:00'),
(366, 'Urea', '', 1200, 'A', 13, 15, '', 'P-1200A-FB-NS', '0000-00-00 00:00:00'),
(367, 'Urea', '', 1200, 'A', 13, 15, '005KG', 'P-1200A-FB-NS-005KG', '0000-00-00 00:00:00'),
(368, 'Urea', '', 1200, 'A', 13, 15, '025KG', 'P-1200A-FB-NS-025KG', '0000-00-00 00:00:00'),
(369, '20:05:05', 'Comet Kyi Thar', 1201, 'A', 13, 15, '', 'P-1201A-FB-NS', '0000-00-00 00:00:00'),
(370, '20:05:05', 'Pyang A Htwet Toe', 1201, 'B', 13, 15, '', 'P-1201B-FB-NS', '0000-00-00 00:00:00'),
(371, 'Amonium Sulphate Granular N21+S24', 'Awba', 1202, 'A', 13, 15, '', 'P-1202A-FB-NS', '0000-00-00 00:00:00'),
(372, 'Amonium Sulphate Granular N21+S24', 'WSR', 1202, 'B', 13, 15, '', 'P-1202B-FB-NS', '0000-00-00 00:00:00'),
(373, 'Amonium Sulphate Granular N21+S24', 'KTK', 1202, 'C', 13, 15, '', 'P-1202C-FB-NS', '0000-00-00 00:00:00'),
(374, 'Amonium Sulphate Granular N21+S24', 'Evo (Farmer)', 1202, 'D', 13, 15, '', '', '0000-00-00 00:00:00'),
(375, 'Amonium Sulphate Granular N21+S24', 'Evo (AS Extra)', 1202, 'E', 13, 15, '', '', '0000-00-00 00:00:00'),
(376, 'Amonium Sulphate Granular + PSE', 'Awba', 1203, 'A', 13, 15, '', 'P-1203A-FB-NS', '0000-00-00 00:00:00'),
(377, 'Amonium Sulphate Granular + PSE', 'WSR,KTK, EVO', 1203, 'B', 13, 15, '', 'P-1203B-FB-NS', '0000-00-00 00:00:00'),
(378, 'Amonium Sulphate Granular + PSE', 'Evo', 1203, 'E', 13, 15, '', 'P-1203E-FB-NS', '0000-00-00 00:00:00'),
(379, 'Comet V Super', 'Awba', 1204, 'A', 13, 15, '', 'P-1204A-FB-NS', '0000-00-00 00:00:00'),
(380, 'Comet K2O60%', 'Red', 1205, 'A', 13, 15, '', 'P-1205A-FB-NS', '0000-00-00 00:00:00'),
(381, 'Comet K2O60%', 'Blue', 1205, 'B', 13, 15, '', 'P-1205B-FB-NS', '0000-00-00 00:00:00'),
(382, 'Comet P2O546%', '', 1206, 'A', 13, 15, '', 'P-1206A-FB-NS', '0000-00-00 00:00:00'),
(383, 'Comet Super Celica', '', 1207, 'A', 13, 15, '', 'P-1207A-FB-NS', '0000-00-00 00:00:00'),
(384, 'Comet Kieserite', '', 1208, 'A', 13, 15, '', 'P-1208A-FB-NS', '0000-00-00 00:00:00'),
(385, 'Comet N Super', '', 1209, 'A', 13, 15, '', 'P-1209A-FB-NS', '0000-00-00 00:00:00'),
(386, 'Comet Pae Ahtoo', '', 1210, 'A', 13, 15, '', 'P-1210A-FB-NS', '0000-00-00 00:00:00'),
(387, 'WSR 15:20:15 (arthitha)', '', 1211, 'A', 13, 15, '', 'P-1211A-FB-NS', '0000-00-00 00:00:00'),
(388, 'Comet 15:10:15', '', 1212, 'A', 13, 15, '', 'P-1212A-FB-NS', '0000-00-00 00:00:00'),
(389, 'Comet N', '', 1213, 'A', 13, 15, '', 'P-1213A-FB-NS', '0000-00-00 00:00:00'),
(390, 'Comet 15:07:07', '', 1214, 'A', 13, 15, '', 'P-1214A-FB-NS', '0000-00-00 00:00:00'),
(391, 'Comet Kyi Htwar', '', 1215, 'A', 13, 15, '', 'P-1215A-FB-NS', '0000-00-00 00:00:00'),
(392, 'Comet 10:10:05', '', 1216, 'A', 13, 15, '', 'P-1216A-FB-NS', '0000-00-00 00:00:00'),
(393, 'Comet N21%', '', 1217, 'A', 13, 15, '', 'P-1217A-FB-NS', '0000-00-00 00:00:00'),
(394, 'Korn Kali+B', '', 1218, 'A', 13, 15, '', 'P-1218A-FB-NS', '0000-00-00 00:00:00'),
(395, 'Comet P46', '', 1219, 'A', 13, 15, '', 'P-1219A-FB-NS', '0000-00-00 00:00:00'),
(396, 'Comet GTSP (0-46-0)', '', 1220, 'A', 13, 15, '', 'P-1220A-FB-NS', '0000-00-00 00:00:00'),
(397, 'Comet Speed Lite', '', 1221, 'A', 13, 15, '', 'P-1221A-FB-NS', '0000-00-00 00:00:00'),
(398, '17:00:28', '', 1222, 'A', 13, 15, '', 'P-1222A-FB-NS', '0000-00-00 00:00:00'),
(399, 'Can Grow', '', 1223, 'A', 13, 15, '', 'P-1223A-FB-NS', '0000-00-00 00:00:00'),
(400, 'WSR Shwe Mi 25:10:0+12S', '', 1224, 'A', 13, 15, '', 'P-1224A-FB-NS', '0000-00-00 00:00:00'),
(401, '09:25:25', '', 1225, 'A', 13, 15, '', 'P-1225A-FB-NS', '0000-00-00 00:00:00'),
(402, '20:08:06', '', 1226, 'A', 13, 15, '', 'P-1226A-FB-NS', '0000-00-00 00:00:00'),
(403, '15:30:07', '', 1227, 'A', 13, 15, '', 'P-1227A-FB-NS', '0000-00-00 00:00:00'),
(404, 'Comet Primo', '', 1228, 'A', 13, 15, '', 'P-1228A-FB-NS', '0000-00-00 00:00:00'),
(405, '16:10:05', '', 1229, 'A', 13, 15, '', 'P-1229A-FB-NS', '0000-00-00 00:00:00'),
(406, 'Shwe Comet Pyaung A Htwet Toe', '', 1230, 'A', 13, 15, '', 'P-1230A-FB-NS', '0000-00-00 00:00:00'),
(407, '18:07:07', '', 1231, 'A', 13, 15, '', 'P-1231A-FB-NS', '0000-00-00 00:00:00'),
(408, '18:07:07', '', 1231, 'B', 13, 15, '', 'P-1231B-FB-NS', '0000-00-00 00:00:00'),
(409, '17:08:08', '', 1232, 'A', 13, 15, '', 'P-1232A-FB-NS', '0000-00-00 00:00:00'),
(410, '12:12:17', 'Nitro', 1233, 'A', 13, 15, '', 'P-1233A-FB-NS', '0000-00-00 00:00:00'),
(411, '12:12:17', 'Entec', 1233, 'B', 13, 15, '', 'P-1233B-FB-NS', '0000-00-00 00:00:00'),
(412, '13:10:20', '', 1234, 'A', 13, 15, '', 'P-1234A-FB-NS', '0000-00-00 00:00:00'),
(413, 'Hydro Speed', '', 1235, 'A', 13, 15, '', 'P-1235A-FB-NS', '0000-00-00 00:00:00'),
(414, 'Ethephon 40%', '', 1236, 'A', 3, 5, '200LT', 'P-1236A-SL-PG-200LT', '0000-00-00 00:00:00'),
(415, 'Ethephon 40%', 'Ready Pack for Evo', 1236, 'E', 3, 5, '480CC', 'P-1236E-SL-PG-480CC', '0000-00-00 00:00:00'),
(416, 'BETTLE VINE KTK', '', 1237, 'A', 12, 4, '', 'P-1237A-CP-NF', '0000-00-00 00:00:00'),
(417, 'Shwe Pin Shwe Thee Package', '', 1238, 'A', 12, 4, '', 'P-1238A-CP-NF', '0000-00-00 00:00:00'),
(418, 'BETTLE VINE WSR', '', 1239, 'A', 12, 4, '', 'P-1239A-CP-NF', '0000-00-00 00:00:00'),
(419, 'Shwe Toe (All Bean) Package', '', 1240, 'A', 12, 4, '', 'P-1240A-CP-NF', '0000-00-00 00:00:00'),
(420, 'Booster Hormone Package', '', 1241, 'A', 12, 4, '', 'P-1241A-CP-NF', '0000-00-00 00:00:00'),
(421, 'Super & Power Package', '', 1242, 'A', 12, 4, '', 'P-1242A-CP-NF', '0000-00-00 00:00:00'),
(422, 'Beta Bettle Package', '', 1243, 'A', 12, 4, '', 'P-1243A-CP-NF', '0000-00-00 00:00:00'),
(423, 'Beta Cabbage Package', '', 1244, 'A', 12, 4, '', 'P-1244A-CP-NF', '0000-00-00 00:00:00'),
(424, 'BETA CHILLI PACKAGE', '', 1245, 'A', 12, 4, '', 'P-1245A-CP-NF', '0000-00-00 00:00:00'),
(425, 'BETA COTTON PACKAGE', '', 1246, 'A', 12, 4, '', 'P-1246A-CP-NF', '0000-00-00 00:00:00'),
(426, 'BETA ONION PACKAGE', '', 1247, 'A', 12, 4, '', 'P-1247A-CP-NF', '0000-00-00 00:00:00'),
(427, 'BETA PACKAGE', '', 1248, 'A', 12, 4, '', 'P-1248A-CP-NF', '0000-00-00 00:00:00'),
(428, 'BETA POTATO PACKAGE', '', 1249, 'A', 12, 4, '', 'P-1249A-CP-NF', '0000-00-00 00:00:00'),
(429, 'BETA TOMATO PACKAGE', '', 1250, 'A', 12, 4, '', 'P-1250A-CP-NF', '0000-00-00 00:00:00'),
(430, 'ZETA PACKAGE', '', 1251, 'A', 12, 4, '', 'P-1251A-CP-NF', '0000-00-00 00:00:00'),
(431, 'Complete and Cyanide Package', '', 1252, 'A', 12, 1, '', 'P-1252A-CP-HE', '0000-00-00 00:00:00'),
(432, 'Acephate 77.5% + Lambda-cyhalothrin 2.5%', '', 1253, 'A', 5, 2, '', 'P-1253A-SP-IN', '0000-00-00 00:00:00'),
(433, 'Acephate 77.5% + Lambda-cyhalothrin 2.5%', '', 1253, 'A', 5, 2, '025KG', 'P-1253A-SP-IN-025KG', '0000-00-00 00:00:00'),
(434, 'Bingo 2', '', 1254, 'A', 3, 4, '', 'P-1254A-SL-NF', '0000-00-00 00:00:00'),
(435, 'Beta Peanut Package', '', 1255, 'A', 12, 4, '', 'P-1255A-CP-NF', '0000-00-00 00:00:00'),
(436, 'Comet Gypsum', '', 1256, 'A', 13, 15, '001KG', 'P-1256A-FB-NS-001KG', '0000-00-00 00:00:00'),
(437, 'Comet Gypsum', '', 1256, 'A', 13, 15, '025KG', 'P-1256A-FB-NS-025KG', '0000-00-00 00:00:00'),
(438, '25:09:09', '', 1257, 'A', 13, 15, '001KG', 'P-1257A-FB-NS-001KG', '0000-00-00 00:00:00'),
(439, 'Solar Urea - 46% ( Prill ) 50Kg', '', 1258, 'A', 13, 15, '050KG', 'P-1258A-FB-NS-050KG', '0000-00-00 00:00:00'),
(440, '13:09:20', '', 1259, 'A', 13, 15, '', 'P-1259A-FB-NS', '0000-00-00 00:00:00'),
(441, 'BETA SESAME PACKAGE', '', 1260, 'A', 12, 4, '', 'P-1260A-CP-NF', '0000-00-00 00:00:00'),
(442, 'P2P Corn', '', 1261, 'A', 14, 20, '', 'P-1261A-OT-SD', '0000-00-00 00:00:00'),
(443, 'Corn Seed NK 621', '', 1262, 'A', 14, 20, '', 'P-1262A-OT-SD', '0000-00-00 00:00:00'),
(444, 'Rice Seed S6002', '', 1263, 'A', 14, 20, '', 'P-1263A-OT-SD', '0000-00-00 00:00:00'),
(445, 'Rice Seed S6001', '', 1264, 'A', 14, 20, '', 'P-1264A-OT-SD', '0000-00-00 00:00:00'),
(446, 'CORN SEED NK 625', '', 1265, 'A', 14, 20, '', 'P-1265A-OT-SD', '0000-00-00 00:00:00'),
(447, 'BETA 100CC Package', '', 1266, 'A', 12, 4, '', 'P-1266A-CP-NF', '0000-00-00 00:00:00'),
(448, 'BETA 50CC Package', '', 1267, 'A', 12, 4, '', 'P-1267A-CP-NF', '0000-00-00 00:00:00'),
(449, 'Amino Acid Bulk', '', 1268, 'A', 3, 5, '200LT', 'P-1268A-SL-PG-200LT', '0000-00-00 00:00:00'),
(450, 'Amino Acid Bulk', 'WIP', 1268, 'B', 3, 5, '200LT', 'P-1268B-SL-PG-200LT', '0000-00-00 00:00:00'),
(451, 'CHLORPHENAPYR 10%SC', '', 1269, 'A', 2, 2, '200LT', 'P-1269A-SC-IN-200LT', '0000-00-00 00:00:00'),
(452, 'Chlorantraniliprole 20% + Thiamethoxam 20%', '', 1270, 'A', 7, 2, '', 'P-1270A-WG-IN', '0000-00-00 00:00:00'),
(453, 'Cabbage Seeds', '', 1271, 'A', 14, 20, '', 'P-1271A-OT-SD', '0000-00-00 00:00:00'),
(454, 'Chilli Seeds', 'Thermo 11', 1272, 'A', 14, 20, '005GM', 'P-1272A-OT-SD-005GM', '0000-00-00 00:00:00'),
(455, 'Chilli Seeds', 'Thermo 15', 1272, 'B', 14, 20, '005GM', 'P-1272B-OT-SD-005GM', '0000-00-00 00:00:00'),
(456, 'Eggplant Seeds', '', 1273, 'A', 14, 20, '', 'P-1273A-OT-SD', '0000-00-00 00:00:00'),
(457, 'Melon Seeds', '', 1274, 'A', 14, 20, '', 'P-1274A-OT-SD', '0000-00-00 00:00:00'),
(458, 'Tomato Seeds', 'Kyarchayar', 1275, 'A', 14, 20, '', 'P-1275A-OT-SD', '0000-00-00 00:00:00'),
(459, 'Tomato Seeds', 'Lora 909', 1275, 'B', 14, 20, '005GM', 'P-1275B-OT-SD-005GM', '0000-00-00 00:00:00'),
(460, 'Tomato Seeds', 'Lora 567', 1275, 'C', 14, 20, '005GM', 'P-1275C-OT-SD-005GM', '0000-00-00 00:00:00'),
(461, 'Tomato Seeds', 'LORA 981', 1275, 'D', 14, 20, '005GM', 'P-1275D-OT-SD-005GM', '0000-00-00 00:00:00'),
(462, 'Tomato Seeds', 'LORA 777', 1275, 'E', 14, 20, '', 'P-1275E-OT-SD', '0000-00-00 00:00:00'),
(463, 'Tomato Seeds', 'Tango 408', 1275, 'F', 14, 20, '', 'P-1275F-OT-SD', '0000-00-00 00:00:00'),
(464, 'Tomato Seeds', 'LORA 747', 1275, 'G', 14, 20, '005GM', 'P-1275G-OT-SD-005GM', '0000-00-00 00:00:00'),
(465, 'Tomato Seeds', 'LORA 333', 1275, 'H', 14, 20, '', 'P-1275H-OT-SD', '0000-00-00 00:00:00'),
(466, 'Tomato Seeds', 'LORA 331', 1275, 'I', 14, 20, '005GM', 'P-1275I-OT-SD-005GM', '0000-00-00 00:00:00'),
(467, 'Okra Seeds', 'Princess', 1276, 'A', 14, 20, '', 'P-1276A-OT-SD', '0000-00-00 00:00:00'),
(468, 'Califlower Seeds', 'Penta', 1277, 'A', 14, 20, '010GM', 'P-1277A-OT-SD-010GM', '0000-00-00 00:00:00'),
(469, 'Califlower Seeds', 'Snow Cloud', 1277, 'B', 14, 20, '', 'P-1277B-OT-SD', '0000-00-00 00:00:00'),
(470, 'Pymetrozine 50% + Nitenpyram 20%', '', 1278, 'A', 7, 2, '025KG', 'P-1278A-WG-IN-025KG', '0000-00-00 00:00:00'),
(471, 'Corn Seeds', '', 1279, 'A', 14, 20, '005KG', 'P-1279A-OT-SD-005KG', '0000-00-00 00:00:00'),
(472, 'Chlorpyrifos 97% + Benzoale 70%', '', 1280, 'A', 1, 2, '200LT', 'P-1280A-EC-IN-200LT', '0000-00-00 00:00:00'),
(473, 'Basfoliar Klep Solution', '', 1281, 'A', 3, 4, '', 'P-1281A-SL-NF', '0000-00-00 00:00:00'),
(474, 'Basfoliar Aktiv', '', 1282, 'A', 3, 4, '', 'P-1282A-SL-NF', '0000-00-00 00:00:00'),
(475, 'Basfoliar Comol HC', '', 1283, 'A', 3, 4, '', 'P-1283A-SL-NF', '0000-00-00 00:00:00'),
(476, 'Basfoliar Avant Natur', '', 1284, 'A', 3, 4, '', 'P-1284A-SL-NF', '0000-00-00 00:00:00'),
(477, 'Sanpya 12:36:12', '', 1285, 'A', 13, 15, '', 'P-1285A-FB-NS', '0000-00-00 00:00:00');
INSERT INTO `product_code` (`p_id`, `name`, `v_description`, `identiier`, `variant`, `f_type`, `g_code`, `sku`, `code`, `created`) VALUES
(478, 'Solar Moe Pale', '', 1286, 'A', 13, 15, '', 'P-1286A-FB-NS', '0000-00-00 00:00:00'),
(479, 'Comet CaB', '', 1287, 'A', 13, 15, '', 'P-1287A-FB-NS', '0000-00-00 00:00:00'),
(480, 'BETTEL VINE (1)', 'WIP', 1288, 'A', 3, 4, '010CC', 'P-1288A-SL-NF-010CC', '0000-00-00 00:00:00'),
(481, 'BETTEL VINE (2)', 'WIP', 1288, 'A', 5, 4, '010GM', 'P-1288A-SP-NF-010GM', '0000-00-00 00:00:00'),
(482, 'BETTEL VINE (3)', 'WIP', 1288, 'A', 5, 4, '030GM', 'P-1288A-SP-NF-030GM', '0000-00-00 00:00:00'),
(483, 'Fetrilon Combi 3', '', 1289, 'A', 5, 10, '', 'P-1289A-SP-NC', '0000-00-00 00:00:00'),
(484, '20:20:20 Citric Farm', '', 1290, 'A', 13, 15, '', 'P-1290A-FB-NS', '0000-00-00 00:00:00'),
(485, '15:30:15 Citric Farm', '', 1290, 'A', 13, 15, '', 'P-1290A-FB-NS', '0000-00-00 00:00:00'),
(486, 'Plenty', '', 1291, 'A', 12, 4, '', 'P-1291A-CP-NF', '0000-00-00 00:00:00'),
(487, 'Plenty', 'WIP for WSR', 1291, 'W', 12, 4, '001KG', 'P-1291W-CP-NF-001KG', '0000-00-00 00:00:00'),
(488, 'Leafminer', '', 1292, 'A', 12, 2, '', 'P-1292A-CP-IN', '0000-00-00 00:00:00'),
(489, 'Super Hormone', '', 1293, 'A', 3, 4, '', 'P-1293A-SL-NF', '0000-00-00 00:00:00'),
(490, 'Hero Plus Pst', '', 1294, 'A', 3, 4, '', 'P-1294A-SL-NF', '0000-00-00 00:00:00'),
(491, 'Propanil 36%', '', 1295, 'A', 1, 1, '', 'P-1295A-EC-HE', '0000-00-00 00:00:00'),
(492, 'Plenty Powder', '', 1296, 'A', 5, 4, '', 'P-1296A-SP-NF', '0000-00-00 00:00:00'),
(493, 'Upgrade', '', 1297, 'W', 5, 4, '250GM', 'P-1297W-SP-NF-250GM', '0000-00-00 00:00:00'),
(494, 'Upgrade', '', 1297, 'A', 5, 4, '', 'P-1297A-SP-NF', '0000-00-00 00:00:00'),
(495, 'Mr Bean Bean Special Package', '', 1298, 'A', 12, 4, '', 'P-1298A-CP-NF', '0000-00-00 00:00:00'),
(496, 'Comet Plus A Pin Kaung', '', 1299, 'A', 13, 15, '040GM', 'P-1299A-FB-NS-040GM', '0000-00-00 00:00:00'),
(497, 'Atrazine 80%WP', '', 1300, 'A', 4, 1, '025KG', 'P-1300A-WP-HE-025KG', '0000-00-00 00:00:00'),
(498, 'Rice Herbicide 2', '', 1301, 'A', 12, 1, '', 'P-1301A-CP-HE', '0000-00-00 00:00:00'),
(499, 'Best-K', '', 1302, 'A', 13, 15, '050KG', 'P-1302A-FB-NS-050KG', '0000-00-00 00:00:00'),
(500, 'Comet Primo Lite', '', 1303, 'A', 13, 15, '050KG', 'P-1303A-FB-NS-050KG', '0000-00-00 00:00:00'),
(501, 'Evo Bean Special Package', '', 1304, 'A', 12, 4, '', 'P-1304A-CP-NF', '0000-00-00 00:00:00'),
(502, 'Shwe Toe Green Maung', '', 1305, 'A', 12, 4, '', 'P-1305A-CP-NF', '0000-00-00 00:00:00'),
(503, 'Cymoxanil 33% + Zoxamide 33%', '', 1306, 'A', 4, 3, '010KG', 'P-1306A-WP-FU-010KG', '0000-00-00 00:00:00'),
(504, 'Pin Sone', '', 1307, 'A', 12, 9, '', 'P-1307A-CP-ST', '0000-00-00 00:00:00'),
(505, 'Acephate 50% + Monosultap 30%', '', 1308, 'A', 5, 2, '025KG', 'P-1308A-SP-IN-025KG', '0000-00-00 00:00:00'),
(506, 'Fipronil 80%', '', 1309, 'A', 7, 2, '025KG', 'P-1309A-WG-IN-025KG', '0000-00-00 00:00:00'),
(507, 'Chlorpyrifos 48% + Cypermethrin 10%', '', 1310, 'A', 1, 2, '200LT', 'P-1310A-EC-IN-200LT', '0000-00-00 00:00:00'),
(508, 'Trifloxystrobin 25% + Tebuconazole 50%', '', 1311, 'A', 7, 2, '025KG', 'P-1311A-WG-IN-025KG', '0000-00-00 00:00:00'),
(509, 'Emamectin Benzoate 5% + Chlorfenapyr 2%', '', 1312, 'A', 7, 2, '250KG', 'P-1312A-WG-IN-250KG', '0000-00-00 00:00:00'),
(510, 'Emamectin Benzoate 5% + Chlorfenapyr 2%', '', 1312, 'A', 7, 2, '025KG', 'P-1312A-WG-IN-025KG', '0000-00-00 00:00:00'),
(511, 'Sesame Growsafe', '', 1313, 'A', 12, 4, '1PACK', 'P-1313A-CP-NF-1PACK', '0000-00-00 00:00:00'),
(512, 'C&A Combo', '', 1314, 'A', 12, 1, '1PACK', 'P-1314A-CP-HE-1PACK', '0000-00-00 00:00:00'),
(513, '15:09:05', 'MAI', 1315, 'A', 13, 15, '050KG', 'P-1315A-FB-NS-050KG', '0000-00-00 00:00:00'),
(514, 'Hexaconazole 5% + Tricyclazole 40%', '', 1316, 'A', 2, 3, '200LT', 'P-1316A-SC-FU-200LT', '0000-00-00 00:00:00'),
(515, 'Thiodicarb 80%', '', 1317, 'A', 7, 2, '025KG', 'P-1317A-WG-IN-025KG', '0000-00-00 00:00:00'),
(516, 'Bispirybacsodium 20%', '', 1318, 'A', 4, 1, '040KG', 'P-1318A-WP-HE-040KG', '0000-00-00 00:00:00'),
(517, 'Herbe + King', '', 1319, 'W', 12, 1, '', 'P-1319W-CP-HE', '0000-00-00 00:00:00'),
(518, 'Cyhalo + King', '', 1320, 'W', 12, 1, '', 'P-1320W-CP-HE', '0000-00-00 00:00:00'),
(519, '00:00:60', '', 1321, 'A', 13, 15, '050KG', 'P-1321A-FB-NS-050KG', '0000-00-00 00:00:00'),
(520, 'Peanut Package', '', 1322, 'A', 12, 4, '1PACK', 'P-1322A-CP-NF-1PACK', '0000-00-00 00:00:00'),
(521, '46:00:00', '', 1323, 'A', 13, 15, '050KG', 'P-1323A-FB-NS-050KG', '0000-00-00 00:00:00'),
(522, 'Fortenza', 'Syngenta', 1324, 'S', 2, 2, '030ML', 'P-1324S-SC-IN-030ML', '0000-00-00 00:00:00'),
(523, 'Chickpea', 'Yezin 6', 1325, 'A', 14, 20, '001KG', 'P-1325A-OT-SD-001KG', '0000-00-00 00:00:00'),
(524, 'Chickpea', 'Yezin 8', 1325, 'B', 14, 20, '020KG', 'P-1325B-OT-SD-020KG', '0000-00-00 00:00:00'),
(525, 'Comet Rice Herbicide', '', 1326, 'A', 13, 21, '040KG', 'P-1326A-FB-AF-040KG', '0000-00-00 00:00:00'),
(526, 'Green Gram', 'Yezin 14', 1327, 'A', 14, 20, '001KG', 'P-1327A-OT-SD-001KG', '0000-00-00 00:00:00'),
(527, 'Green Gram', 'Yezin 14', 1327, 'A', 14, 20, '006KG', 'P-1327A-OT-SD-006KG', '0000-00-00 00:00:00'),
(528, 'Green Gram ', 'Yezin 1', 1327, 'B', 14, 20, '001KG', 'P-1327B-OT-SD-001KG', '0000-00-00 00:00:00'),
(529, 'Urea', '', 1200, 'B', 13, 15, '025KG', 'P-1200B-FB-NS-025KG', '0000-00-00 00:00:00'),
(530, 'Kali SOP', 'Ready Pack for MSCN', 1328, 'A', 13, 15, '001KG', 'P-1328A-FB-NS-001KG', '0000-00-00 00:00:00'),
(531, 'ORIENT BULK', 'ASC', 1329, 'A', 14, 20, '100GM', 'P-1329A-OT-SD-100GM', '0000-00-00 00:00:00'),
(532, 'RED HILL BULK', 'ASC', 1330, 'A', 14, 20, '100GM', 'P-1330A-OT-SD-100GM', '0000-00-00 00:00:00'),
(533, 'SAKANAL BULK', 'ASC', 1331, 'A', 14, 20, '100GM', 'P-1331A-OT-SD-100GM', '0000-00-00 00:00:00'),
(534, 'Polyalkyleneoxide Modified Heptamethytrisiloxane 80%+Polyalkylene Oxide 20%', 'KTK', 1332, 'A', 3, 19, '100CC', 'P-1332A-SL-SU-100CC', '0000-00-00 00:00:00'),
(535, 'Alcoholpolyglycol Ether 85%', 'WSR', 1333, 'A', 3, 19, '100CC', 'P-1333A-SL-SU-100CC', '0000-00-00 00:00:00'),
(536, '0.327893519', 'Evo', 1334, 'A', 13, 15, '500GM', 'P-1334A-FB-NS-500GM', '0000-00-00 00:00:00'),
(537, 'Magway Black 1/13', 'ASC', 1335, 'A', 14, 20, '001KG', 'P-1335A-OT-SD-001KG', '0000-00-00 00:00:00'),
(538, 'Sinyadanar 14', 'ASC', 1336, 'A', 14, 20, '001KG', 'P-1336A-OT-SD-001KG', '0000-00-00 00:00:00'),
(539, 'Sinyadanar 3', 'ASC', 1336, 'B', 14, 20, '001KG', 'P-1336B-OT-SD-001KG', '0000-00-00 00:00:00'),
(540, 'Blackgram Yezin 5', 'ASC', 1337, 'A', 14, 20, '001KG', 'P-1337A-OT-SD-001KG', '0000-00-00 00:00:00'),
(541, 'Blackgram Yezin 3 ', 'ASC', 1337, 'B', 14, 20, '001KG', 'P-1337B-OT-SD-001KG', '0000-00-00 00:00:00'),
(542, 'Blackgram Yezin 7 ', 'ASC', 1337, 'C', 14, 20, '001KG', 'P-1337C-OT-SD-001KG', '0000-00-00 00:00:00'),
(543, 'Cyantraniliprole 24% + Thiamethoxam 24%', 'Ready Pack for Awba', 1338, 'A', 12, 9, '030CC', 'P-1338A-CP-ST-030CC', '0000-00-00 00:00:00'),
(544, 'Hexythiazox 80% + Chlorfenapyr 20% ', '', 1339, 'A', 1, 2, '200LT', 'P-1339A-EC-IN-200LT', '0000-00-00 00:00:00'),
(545, 'Soybean Yezin 15', 'ASC', 1340, 'A', 14, 20, '001KG', 'P-1340A-OT-SD-001KG', '0000-00-00 00:00:00'),
(546, 'Combo 2 (W & C)', '', 1341, 'A', 12, 1, '1PACK', 'P-1341A-CP-HE-1PACK', '0000-00-00 00:00:00'),
(547, 'Spinetoram 60%EC', '', 1342, 'A', 1, 2, '250CC', 'P-1342A-EC-IN-250CC', '0000-00-00 00:00:00'),
(548, 'Fenobucarb 45%+Cypermethrin 5%EC', '', 1343, 'A', 1, 2, '200LT', 'P-1343A-EC-IN-200LT', '0000-00-00 00:00:00'),
(549, 'Flubendiamide 24% + Thiacloprid 24 % SC', '', 1344, 'A', 2, 2, '055CC', 'P-1344A-SC-IN-055CC', '0000-00-00 00:00:00'),
(550, 'Propiconazole 12.5% + Tricyclazole 40.0% (SE)', '', 1345, 'A', 15, 3, '200LT', 'P-1345A-SE-FU-200LT', '0000-00-00 00:00:00'),
(551, 'Amino Acid 40%', '', 1346, 'A', 3, 5, '500CC', 'P-1346A-SL-PG-500CC', '0000-00-00 00:00:00'),
(552, 'KNIGHT 200WP 1.5GM, PAUNG KING 50GM', '', 1346, 'A', 4, 1, '1PACK', 'P-1346A-WP-HE-1PACK', '0000-00-00 00:00:00'),
(553, 'Nitrogen 33%+Sulphur 12%', '', 1347, 'A', 13, 15, '050KG', 'P-1347A-FB-NS-050KG', '0000-00-00 00:00:00'),
(554, 'Beta cypermethrin 10%EC', '', 1348, 'A', 1, 2, '500CC', 'P-1348A-EC-IN-500CC', '0000-00-00 00:00:00'),
(555, 'Beta cypermethrin 10%EC', '', 1348, 'A', 1, 2, '001LT', 'P-1348A-EC-IN-001LT', '0000-00-00 00:00:00'),
(556, 'Chickpea', 'Yezin 11', 1325, 'C', 14, 20, '020KG', 'P-1325C-OT-SD-020KG', '0000-00-00 00:00:00'),
(557, 'Chickpea', 'Yezin 12', 1325, 'D', 14, 20, '020KG', 'P-1325D-OT-SD-020KG', '0000-00-00 00:00:00'),
(558, 'Oxyfluorfen 23.5%', 'Ready Pack for Evo', 1136, 'E', 1, 1, '100CC', 'P-1136E-EC-HE-100CC', '0000-00-00 00:00:00'),
(559, 'Shwe Moe Solution', 'Old Code', 1348, 'A', 13, 15, '200LT', 'P-1348A-FB-NS-200LT', '0000-00-00 00:00:00'),
(560, 'Shwe Moe Solution', 'New Code', 1349, 'A', 13, 15, '200LT', 'P-1349A-FB-NS-200LT', '0000-00-00 00:00:00'),
(561, 'Ngwe Moe Solution', 'New Code', 1350, 'A', 13, 15, '200LT', 'P-1350A-FB-NS-200LT', '0000-00-00 00:00:00'),
(562, 'Shwe Moe & Ngwe Moe 500CC Package', 'New Code', 1351, 'A', 13, 15, '1PACK', 'P-1351A-FB-NS-1PACK', '0000-00-00 00:00:00'),
(563, 'Flubendiamide 24% + Thiacloprid 24 % SC', '', 1344, 'A', 2, 2, '480CC', 'P-1344A-SC-IN-480CC', '0000-00-00 00:00:00'),
(564, 'Green Gram', 'Yezin 9', 1327, 'C', 14, 20, '001KG', 'P-1327C-OT-SD-001KG', '0000-00-00 00:00:00'),
(565, 'test', 'Test Update 1', 1001, 'T', 1, 1, '010LT', 'P-1001T-EC-HE-010LT', '2020-12-05 11:12:44'),
(566, 'test 1', 'Test Create 1', 1352, 'T', 1, 1, '010LT', 'P-1352T-EC-HE-010LT', '2020-12-05 12:06:56'),
(567, '2,4-D Dimethyl Amine 120g/l + Glyphosate 240g/l', 'Test Duplicate', 1001, 'D', 3, 1, '200LT', 'P-1001D-SL-HE-200LT', '2020-12-05 14:49:40'),
(568, 'test', 'test', 1001, 'T', 1, 3, '100LT', 'Test Code', '2020-12-05 14:57:46'),
(569, 'test', 'test', 1001, 'T', 1, 3, '100LT', 'Test Code', '2020-12-05 14:58:35'),
(570, '2,4-D Dimethyl Amine 120g/l + Glyphosate 240g/l', 'Test Duplicate 1', 1001, 'D', 3, 1, '200LT', 'P-1001D-SL-HE-200LT', '2020-12-05 15:08:31'),
(571, '2,4-D Dimethyl Amine 120g/l + Glyphosate 240g/l', 'Test Duplicate 2', 1001, 'D', 3, 1, '200LT', 'P-1001D-SL-HE-200LT', '2020-12-05 15:09:55'),
(572, '2,4-D Dimethyl Amine 120g/l + Glyphosate 240g/l', 'Test Duplicate 3', 1001, 'A', 3, 1, '200LT', 'P-1001A-SL-HE-200LT', '2020-12-05 15:12:53'),
(573, '2,4-D Dimethyl Amine 120g/l + Glyphosate 240g/l', 'Test Duplicate 3', 1001, 'A', 3, 1, '200LT', 'P-1001A-SL-HE-200LT', '2020-12-05 15:16:19'),
(574, '2,4-D Dimethyl Amine 120g/l + Glyphosate 240g/l', 'Test Duplicate 4', 1001, 'T', 3, 1, '200LT', 'P-1001T-SL-HE-200LT', '2020-12-05 15:20:16'),
(575, '2,4-D Dimethyl Amine 120g/l + Glyphosate 240g/l', 'Test Duplicate 5', 1001, 'T', 3, 1, '200LT', 'P-1001T-SL-HE-200LT', '2020-12-05 15:20:30');

--
-- Indexes for dumped tables
--

--
-- Indexes for table `formulatype`
--
ALTER TABLE `formulatype`
  ADD PRIMARY KEY (`f_id`);

--
-- Indexes for table `groupcode`
--
ALTER TABLE `groupcode`
  ADD PRIMARY KEY (`g_id`);

--
-- Indexes for table `product_code`
--
ALTER TABLE `product_code`
  ADD PRIMARY KEY (`p_id`),
  ADD KEY `f_type` (`f_type`),
  ADD KEY `g_code` (`g_code`);

--
-- AUTO_INCREMENT for dumped tables
--

--
-- AUTO_INCREMENT for table `product_code`
--
ALTER TABLE `product_code`
  MODIFY `p_id` int(11) NOT NULL AUTO_INCREMENT, AUTO_INCREMENT=576;

--
-- Constraints for dumped tables
--

--
-- Constraints for table `product_code`
--
ALTER TABLE `product_code`
  ADD CONSTRAINT `product_code_ibfk_1` FOREIGN KEY (`f_type`) REFERENCES `formulatype` (`f_id`),
  ADD CONSTRAINT `product_code_ibfk_2` FOREIGN KEY (`g_code`) REFERENCES `groupcode` (`g_id`);
COMMIT;

/*!40101 SET CHARACTER_SET_CLIENT=@OLD_CHARACTER_SET_CLIENT */;
/*!40101 SET CHARACTER_SET_RESULTS=@OLD_CHARACTER_SET_RESULTS */;
/*!40101 SET COLLATION_CONNECTION=@OLD_COLLATION_CONNECTION */;
